Interchange_Configuration,Ramp config,Decel_length,Lane_width_ramp,Right shoulder width ramp (ft),Left shoulder width ramp (ft),LaneConfiguration,Laneconfig_code,AASHTO Mininimum_Dec Lane Length (ft),DECEL/AASHTO,Advisory Speed (mph),Crossroad Configuration,CrossroadConfig_Code,Crash Frequency,segment length final (miles),Ln.MainlineAADT,Ln.RampAADT,SpeedLimit (mph)
Partial Cloverleaf,Parclo Loop,655,15.13333333,7.4,5.8,Tapered,0,517.5,1.265700483,30,Overpass,1,6,0.289849923,9.897771246,7.617267814,70
Partial Cloverleaf,Parclo Loop,564,14.76666667,7.6,6,Tapered,0,517.5,1.089855072,30,Overpass,1,2,0.299230327,9.891288445,6.849066283,70
Partial Cloverleaf,Parclo Loop,925,16.26666667,8.8,3.7,Parallel,1,720,1.284722222,25,Underpass,0,4,0.298040453,9.892679354,7.919719761,70
Partial Cloverleaf,Free-Flow Loop,762,11.7,8.2,5,Parallel,1,540,1.411111111,25,Overpass,1,23,0.296341977,9.809479025,9.360138737,70
Partial Cloverleaf,Parclo Loop,701,16.1,7.7,5,Parallel,1,540,1.298148148,25,Overpass,1,16,0.299731705,10.23207162,7.996653875,70
Partial Cloverleaf,Parclo Loop,200,15.6,6.6,4.1,Tapered,0,540,0.37037037,25,Overpass,1,1,0.298335359,9.741439101,7.368970402,70
Partial Cloverleaf,Parclo Loop,250,15.6,7.1,3.2,Tapered,0,517.5,0.483091787,30,Overpass,1,1,0.295683975,9.863992802,6.661854741,70
Partial Cloverleaf,Parclo Loop,300,15.73333333,7,4.6,Tapered,0,517.5,0.579710145,30,Overpass,1,5,0.294910465,9.810631858,7.676937146,70
Partial Cloverleaf,Parclo Loop,2475,15.1,7.3,5.1,Parallel,1,588,4.209183673,40,Underpass,0,0,0.296371438,10.05218769,7.869783903,70
Partial Cloverleaf,Parclo Loop,1031,15.3,7.5,5.1,Parallel,1,540,1.909259259,25,Overpass,1,37,0.294827377,10.7269171,8.227375507,70
Partial Cloverleaf,Free-Flow Loop,891,16.5,6.5,4.4,Tapered,0,517.5,1.72173913,30,Overpass,1,7,0.189345465,10.77770551,9.46931428,70
Partial Cloverleaf,Parclo Loop,808,15.36666667,8.6,4.6,Parallel,1,720,1.122222222,25,Underpass,0,2,0.290618395,9.425693658,7.739794458,70
Partial Cloverleaf,Parclo Loop,1105,16.2,9.7,3.7,Parallel,1,540,2.046296296,25,Overpass,1,8,0.293714764,10.2359697,8.288031568,70
Partial Cloverleaf,Parclo Loop,358,15.2,6.7,2.5,Tapered,0,690,0.51884058,30,Underpass,0,4,0.295615277,9.730947996,6.274762021,70
Partial Cloverleaf,Free-Flow Loop,982,17,6.5,3.3,Parallel,1,540,1.818518519,25,Overpass,1,0,0.292601115,9.835422822,8.473659189,70
Partial Cloverleaf,Parclo Loop,663,15.9,8.2,4.4,Parallel,1,540,1.227777778,25,Overpass,1,5,0.29345418,10.24444969,7.569411792,70
Partial Cloverleaf,Free-Flow Loop,1060,14.7,8.6,4.1,Parallel,1,540,1.962962963,25,Overpass,1,0,0.290476001,9.91237296,8.58260633,70
Partial Cloverleaf,Free-Flow Loop,1075,14.2,10,3.1,Parallel,1,540,1.990740741,25,Overpass,1,3,0.295443318,9.755567422,6.98471632,70
Partial Cloverleaf,Free-Flow Loop,855,16.3,7.4,5,Parallel,1,540,1.583333333,25,Overpass,1,1,0.297066347,9.788946132,6.796823718,70
Partial Cloverleaf,Free-Flow Loop,1043,15,7.3,4.2,Tapered,0,540,1.931481481,25,Overpass,1,4,0.292947711,10.12615099,8.738254577,70
Partial Cloverleaf,Parclo Loop,382,15.7,10.2,3.2,Parallel,1,720,0.530555556,25,Underpass,0,9,0.295130713,10.28378869,7.921898411,70
Partial Cloverleaf,Parclo Loop,302,15.7,7.3,3.8,Parallel,1,540,0.559259259,25,Overpass,1,5,0.295474995,9.4450567,8.045588281,70
Partial Cloverleaf,Free-Flow Loop,521,16.5,7,3.6,Tapered,0,720,0.723611111,25,Underpass,0,3,0.292579146,9.062768008,8.20028826,70
Partial Cloverleaf,Parclo Loop,456,15.4,8.3,3.6,Parallel,1,720,0.633333333,25,Underpass,0,5,0.293944365,9.062768008,8.025516386,70
Partial Cloverleaf,Parclo Loop,927,15.6,6.5,3.1,Parallel,1,720,1.2875,25,Underpass,0,13,0.291767218,10.91224807,8.483636408,70
Partial Cloverleaf,Parclo Loop,895,15.4,7.1,3.5,Parallel,1,517.5,1.729468599,30,Overpass,1,6,0.299268477,10.15673345,7.497207223,70
Partial Cloverleaf,Parclo Loop,890,15.16666667,7.1,4.4,Parallel,1,540,1.648148148,25,Overpass,1,15,0.291225241,10.82609827,8.153925132,70
Partial Cloverleaf,Parclo Loop,747,14.6,7.5,4,Parallel,1,540,1.383333333,25,Overpass,1,20,0.291602156,10.53300247,8.377241231,70
Partial Cloverleaf,Free-Flow Loop,229,15.5,7.9,2.2,Tapered,0,720,0.318055556,25,Underpass,0,65,0.169973821,10.41137386,7.525639975,70
Partial Cloverleaf,Parclo Loop,838,14.8,7.3,3.5,Parallel,1,540,1.551851852,25,Overpass,1,8,0.300151442,10.18459808,7.362010551,70
Partial Cloverleaf,Parclo Loop,1151,15.6,9.4,5.3,Parallel,1,690,1.668115942,30,Underpass,0,14,0.296715199,10.18459808,8.373784608,70
Partial Cloverleaf,Free-Flow Loop,3316,14.86666667,6.6,4.9,Parallel,1,540,6.140740741,25,Overpass,1,8,0.291,10.72848503,7.24636808,70
Partial Cloverleaf,Free-Flow Loop,2989,14.6,6.9,4.8,Parallel,1,540,5.535185185,25,Overpass,1,2,0.203734382,10.56474409,9.027258526,70
Partial Cloverleaf,Free-Flow Loop,1750,13.2,7.2,2.4,Parallel,1,720,2.430555556,25,Underpass,0,7,0.229978597,10.77187922,8.626764828,70
Partial Cloverleaf,Free-Flow Loop,1685,14.5,9.6,8.1,Parallel,1,720,2.340277778,25,Underpass,0,6,0.294091601,10.816232,7.859799181,70
Partial Cloverleaf,Parclo Loop,643,13.4,5.4,2.4,Tapered,0,432,1.488425926,20,Overpass,1,11,0.292130334,10.77274957,8.390949465,55
Partial Cloverleaf,Free-Flow Loop,852,15.2,7.7,3.8,Parallel,1,517.5,1.646376812,30,Overpass,1,12,0.292330695,10.90864045,8.688453801,70
Partial Cloverleaf,Parclo Loop,764,15.9,7.3,6.5,Parallel,1,481.5,1.586708204,35,Overpass,1,5,0.294543864,10.19539195,7.845807503,70
Partial Cloverleaf,Parclo Loop,795,16.6,7.6,5.2,Parallel,1,481.5,1.651090343,35,Overpass,1,4,0.29540519,10.19539195,8.484049973,70
Partial Cloverleaf,Parclo Loop,1168,17.2,7.2,4.6,Parallel,1,517.5,2.257004831,30,Overpass,1,2,0.291825572,10.09683147,7.669961995,70
Partial Cloverleaf,Free-Flow Loop,751,14.3,8.3,5.2,Parallel,1,720,1.043055556,25,Underpass,0,5,0.297046534,10.30457643,8.970686269,70
Partial Cloverleaf,Free-Flow Loop,791,14.3,7.7,5.3,Parallel,1,720,1.098611111,25,Underpass,0,4,0.291666949,10.43781484,8.443546651,70
Partial Cloverleaf,Parclo Loop,191,16.5,7.7,4.3,Tapered,0,690,0.276811594,30,Underpass,0,4,0.292920989,9.070445921,7.309881486,70
Partial Cloverleaf,Parclo Loop,281,14.5,8.1,4.1,Tapered,0,690,0.407246377,30,Underpass,0,10,0.185184393,10.11964677,6.769641977,70
Partial Cloverleaf,Parclo Loop,843,15.6,7.1,3.8,Parallel,1,540,1.561111111,25,Overpass,1,5,0.293049867,10.38723998,7.425357887,70
Partial Cloverleaf,Parclo Loop,529,15,8,4.6,Parallel,1,540,0.97962963,25,Overpass,1,9,0.292563584,10.56801661,8.511778559,70
Partial Cloverleaf,Free-Flow Loop,953,16.2,6.8,4.3,Tapered,0,690,1.38115942,30,Underpass,0,38,0.284147553,10.77893546,7.891704659,70
Partial Cloverleaf,Parclo Loop,942,15,7.6,3.5,Parallel,1,540,1.744444444,25,Underpass,0,10,0.293996078,10.18017187,7.076653815,70
Partial Cloverleaf,Parclo Loop,871,14.2,8.3,5.2,Parallel,1,540,1.612962963,25,Overpass,1,15,0.293867956,10.37875853,8.035602693,70
Partial Cloverleaf,Parclo Loop,945,15.4,7.9,4.6,Parallel,1,540,1.75,25,Overpass,1,7,0.290944549,10.01569954,8.406038142,70
Partial Cloverleaf,Parclo Loop,1037,15,7.5,3.5,Parallel,1,517.5,2.003864734,30,Overpass,1,11,0.297167553,11.39070133,8.427487278,70
Partial Cloverleaf,Free-Flow Loop,779,15.3,7.7,4.5,Parallel,1,720,1.081944444,25,Underpass,0,13,0.292359833,11.13991061,8.178638789,70
Partial Cloverleaf,Parclo Loop,137,11.7,3.4,2.6,Tapered,0,720,0.190277778,25,Underpass,0,2,0.295628258,10.3666711,8.258163362,70
Partial Cloverleaf,Free-Flow Loop,2226,15.4,7.8,4.1,Parallel,1,540,4.122222222,25,Overpass,1,2,0.168416675,10.7898241,8.515191189,70
Partial Cloverleaf,Parclo Loop,1142,16,6.6,5.6,Parallel,1,762,1.498687664,15,Underpass,0,7,0.29628746,10.69815288,7.77443551,70
Partial Cloverleaf,Parclo Loop,1032,15.2,8.1,4.3,Parallel,1,744,1.387096774,20,Underpass,0,32,0.295621298,10.72690613,8.259458195,70
Partial Cloverleaf,Parclo Loop,345,15.1,2.4,2,Parallel,1,720,0.479166667,25,Underpass,0,10,0.296531943,10.70502939,8.291045131,70
Partial Cloverleaf,Parclo Loop,448,15.3,3.1,2.4,Parallel,1,720,0.622222222,25,Underpass,0,11,0.295530583,10.69815288,8.19836439,70
Partial Cloverleaf,Parclo Loop,720,15.3,2.9,2.7,Tapered,0,432,1.666666667,20,Overpass,1,3,0.130043633,10.77274957,8.10832229,55
Partial Cloverleaf,Parclo Loop,686,15.2,2.9,2.5,Tapered,0,432,1.587962963,20,Overpass,1,5,0.25007173,10.82589951,8.706986763,55
Partial Cloverleaf,Parclo Loop,1956,15.03333333,8,4.7,Parallel,1,720,2.716666667,25,Underpass,0,3,0.297556624,10.16199825,6.630683386,70
Partial Cloverleaf,Parclo Loop,976,15.5,7,4.2,Parallel,1,720,1.355555556,25,Underpass,0,8,0.290684012,10.34714721,7.913886715,70
Partial Cloverleaf,Parclo Loop,251,15.6,2.6,2.4,Tapered,0,517.5,0.485024155,30,Overpass,1,5,0.286173315,10.67538815,9.081028635,70
Partial Cloverleaf,Free-Flow Loop,487,16.1,7.3,4.1,Parallel,1,450,1.082222222,25,Overpass,1,1,0.294994883,8.085332772,8.091015042,60
Partial Cloverleaf,Free-Flow Loop,487,16.1,7.3,4.1,Parallel,1,450,1.082222222,25,Overpass,1,1,0.137206655,8.085332772,8.091015042,60
Partial Cloverleaf,Parclo Loop,777,16.5,6.6,4.8,Parallel,1,558,1.392473118,30,Overpass,1,2,0.292943101,9.167171877,6.410174882,75
Partial Cloverleaf,Parclo Loop,323,16.73333333,6.7,5.1,Tapered,0,540,0.598148148,25,Overpass,1,5,0.296317454,9.920393833,8.374246182,70
Partial Cloverleaf,Parclo Loop,600,16.53333333,7.3,3.6,Parallel,1,540,1.111111111,25,Overpass,1,3,0.287091433,9.937647404,7.157735484,70
Partial Cloverleaf,Parclo Loop,255,16.23333333,6,5.4,Tapered,0,540,0.472222222,25,Overpass,1,2,0.295463148,9.937647404,7.474204806,70
Partial Cloverleaf,Parclo Loop,929,16,6.1,6.5,Parallel,1,720,1.290277778,25,Underpass,0,4,0.294296227,10.36670257,7.484930283,70
Partial Cloverleaf,Parclo Loop,912,16.26666667,8.5,5.7,Parallel,1,720,1.266666667,25,Underpass,0,5,0.289700573,10.25725578,8.623713035,70
Partial Cloverleaf,Parclo Loop,1033,15.96666667,6.9,5,Parallel,1,720,1.434722222,25,Underpass,0,6,0.291000617,10.00340076,7.630461262,70
Partial Cloverleaf,Parclo Loop,1009,15.93333333,8,6,Parallel,1,720,1.401388889,25,Underpass,0,7,0.293726729,10.01549841,7.675546003,70
Partial Cloverleaf,Free-Flow Loop,930,16.2,8.5,6.8,Parallel,1,580.5,1.602067183,25,Overpass,1,0,0.293799262,9.101585212,6.839476438,75
Partial Cloverleaf,Parclo Loop,296,16.5,8.5,4.2,Parallel,1,774,0.382428941,25,Underpass,0,3,0.291413098,8.83528322,7.820037989,75
Partial Cloverleaf,Parclo Loop,1179,15.16666667,7.2,3.6,Parallel,1,558,2.112903226,30,Overpass,1,1,0.291405484,9.350493542,7.304515946,75
Partial Cloverleaf,Parclo Loop,736,16.6,8.4,4.1,Parallel,1,540,1.362962963,25,Overpass,1,7,0.292081687,9.809479025,7.767263997,70
Partial Cloverleaf,Parclo Loop,2654,15.5,7.3,4.2,Parallel,1,690,3.846376812,30,Underpass,0,2,0.181088994,10.22388485,7.142036575,70
Partial Cloverleaf,Parclo Loop,1392,14.46666667,8.3,4.5,Parallel,1,540,2.577777778,25,Overpass,1,13,0.290339967,10.42348598,7.912423121,70
Partial Cloverleaf,Free-Flow Loop,501,14.5,9.8,7.7,Parallel,1,690,0.726086957,30,Underpass,0,8,0.290392018,10.85978715,7.402451521,70
Partial Cloverleaf,Parclo Loop,535,16.3,7.1,4.3,Parallel,1,517.5,1.033816425,30,Overpass,1,6,0.293749404,10.24170826,8.091321274,70
Partial Cloverleaf,Parclo Loop,1033,15.06666667,7,5,Parallel,1,540,1.912962963,25,Overpass,1,6,0.291137201,10.26051493,6.902742737,70
Partial Cloverleaf,Parclo Loop,996,14.86666667,7.5,4.5,Parallel,1,720,1.383333333,25,Underpass,0,9,0.29062951,10.46470206,6.635946556,70
Partial Cloverleaf,Free-Flow Loop,974,14.8,7.8,5,Parallel,1,517.5,1.882125604,30,Overpass,1,4,0.291206943,9.507180382,7.943427768,70
Partial Cloverleaf,Free-Flow Loop,941,15.76666667,8,5,Parallel,1,517.5,1.818357488,30,Overpass,1,5,0.290625454,10.18755686,5.262690189,70
Partial Cloverleaf,Parclo Loop,1093,14.66666667,7.6,3.2,Parallel,1,774,1.412144703,25,Underpass,0,6,0.291282371,9.988908081,7.719573989,75
Partial Cloverleaf,Parclo Loop,1085,14.8,7.8,6.4,Parallel,1,774,1.401808786,25,Underpass,0,4,0.292031228,9.988908081,6.966024187,75
Partial Cloverleaf,Parclo Loop,1658,15.13333333,8.1,4.1,Parallel,1,720,2.302777778,25,Underpass,0,3,0.291863764,9.51837639,7.128495946,70
Partial Cloverleaf,Parclo Loop,912,14.56666667,7.5,4.8,Parallel,1,558,1.634408602,20,Overpass,1,4,0.291072534,10.27062755,8.069029329,70
Partial Cloverleaf,Parclo Loop,971,15.53333333,7.1,4.3,Parallel,1,540,1.798148148,25,Overpass,1,2,0.290634203,9.995405622,7.063903961,70
Partial Cloverleaf,Parclo Loop,615,16.23333333,7.6,6.1,Parallel,1,540,1.138888889,25,Overpass,1,2,0.292111256,9.852036351,6.974478911,70
Partial Cloverleaf,Parclo Loop,911,14.76666667,7.4,4.9,Parallel,1,540,1.687037037,25,Overpass,1,9,0.290259338,10.36225643,8.182279739,70
Partial Cloverleaf,Parclo Loop,938,15.4,6.9,4.9,Tapered,0,558,1.681003584,30,Overpass,1,9,0.296226308,9.945828393,6.996681488,75
Partial Cloverleaf,Parclo Loop,311,16,6.6,5,Tapered,0,558,0.55734767,30,Overpass,1,2,0.291220852,9.357595906,6.994849986,75
Partial Cloverleaf,Parclo Loop,964,15.93333333,6.2,5.4,Parallel,1,580.5,1.660637382,25,Overpass,1,0,0.292344169,9.357595906,6.603943825,75
Partial Cloverleaf,Free-Flow Loop,594,15.06666667,7.8,5.5,Tapered,0,720,0.825,25,Underpass,0,8,0.291445619,10.23717019,8.101071503,70
Partial Cloverleaf,Parclo Loop,294,15,8.9,5.9,Tapered,0,720,0.408333333,25,Underpass,0,2,0.28923651,10.23717019,8.523175263,70
Partial Cloverleaf,Parclo Loop,948,16.16666667,7.4,5.9,Parallel,1,540,1.755555556,25,Overpass,1,9,0.2901026,9.892148508,7.932362154,70
Partial Cloverleaf,Parclo Loop,1003,15.26666667,7.8,3.5,Parallel,1,744,1.34811828,20,Underpass,0,0,0.22389907,9.512295104,6.877296071,70
Partial Cloverleaf,Parclo Loop,922,16.5,6.7,3.7,Parallel,1,580.5,1.58828596,25,Overpass,1,0,0.291155029,8.490746541,7.423568444,75
Partial Cloverleaf,Parclo Loop,1165,16.03333333,6.9,4.2,Parallel,1,774,1.505167959,25,Underpass,0,2,0.294840118,8.490746541,6.827629235,75
Partial Cloverleaf,Parclo Loop,208,16,7.5,4.8,Tapered,0,774,0.26873385,25,Underpass,0,8,0.290434473,9.230633075,7.317876199,75
Partial Cloverleaf,Free-Flow Loop,695,14.7,7.5,4.9,Parallel,1,774,0.897932817,25,Underpass,0,1,0.287276564,9.101585212,6.784457063,75
Partial Cloverleaf,Parclo Loop,354,16.13333333,6.8,4.5,Parallel,1,744,0.475806452,30,Underpass,0,2,0.29104519,8.16862813,7.589841512,75
Partial Cloverleaf,Parclo Loop,279,16.16666667,6.6,4.2,Parallel,1,744,0.375,30,Underpass,0,2,0.287646312,8.693999568,5.560681631,75
Partial Cloverleaf,Free-Flow Loop,541,15.7,7.1,3.9,Parallel,1,580.5,0.931955211,25,Overpass,1,3,0.290483279,8.125630988,6.405228458,75
Partial Cloverleaf,Free-Flow Loop,441,15.6,6.7,4,Parallel,1,720,0.6125,25,Underpass,0,2,0.290743935,9.381474583,6.831953566,70
Partial Cloverleaf,Parclo Loop,916,15.1,7.4,5,Parallel,1,540,1.696296296,25,Overpass,1,0,0.293327646,9.540435173,6.946975992,70
Partial Cloverleaf,Parclo Loop,933,14.73333333,8.7,3.6,Parallel,1,540,1.727777778,25,Overpass,1,0,0.293155457,9.200087996,7.198183577,70
Partial Cloverleaf,Parclo Loop,109,14.56666667,7.8,4.3,Tapered,0,540,0.201851852,25,Overpass,1,2,0.294742465,9.452815852,6.464588304,70
Partial Cloverleaf,Parclo Loop,1075,15.46666667,6.7,4.7,Parallel,1,540,1.990740741,25,Overpass,1,2,0.290128895,9.325096609,6.361302478,70
Partial Cloverleaf,Parclo Loop,1081,15.43333333,7.2,5,Parallel,1,540,2.001851852,25,Overpass,1,6,0.291580649,9.452344931,6.388561406,70
Partial Cloverleaf,Free-Flow Loop,561,15.73333333,8,5.5,Parallel,1,540,1.038888889,25,Overpass,1,2,0.290996912,9.556515384,6.755768922,70
Partial Cloverleaf,Parclo Loop,536,15.36666667,7.2,4.4,Parallel,1,540,0.992592593,25,Overpass,1,6,0.291252357,9.633743625,6.327936784,70
Partial Cloverleaf,Parclo Loop,886,16,4.7,2.6,Parallel,1,540,1.640740741,25,Overpass,1,11,0.29287435,10.37233426,7.581209826,70
Partial Cloverleaf,Parclo Loop,857,15.5,7,3.8,Parallel,1,540,1.587037037,25,Overpass,1,6,0.290832027,10.37233426,8.479906607,70
Partial Cloverleaf,Free-Flow Loop,364,14.7,7.7,5.1,Tapered,0,517.5,0.703381643,30,Overpass,1,6,0.291439814,10.37233426,8.413165121,70
Partial Cloverleaf,Parclo Loop,923,15.1,7.8,4.6,Parallel,1,540,1.709259259,25,Overpass,1,4,0.289920671,10.34895832,8.638525477,70
Partial Cloverleaf,Parclo Loop,1286,16.3,8.5,5.6,Parallel,1,540,2.381481481,25,Overpass,1,11,0.28982746,10.69820934,7.937374696,70
Partial Cloverleaf,Parclo Loop,229,14.73333333,8.5,4.9,Tapered,0,540,0.424074074,25,Overpass,1,7,0.290576989,10.01133248,5.493061443,70
Partial Cloverleaf,Parclo Loop,290,16.23333333,7.4,5,Tapered,0,540,0.537037037,25,Overpass,1,4,0.244860579,10.00340076,5.823045895,70
Full Cloverleaf,Free-Flow Loop,564,15.3,8.5,5.2,Parallel,1,720,0.783333333,25,Underpass,0,6,0.292253663,10.02773851,6.535241271,70
Full Cloverleaf,Free-Flow Loop,548,15.9,7.6,6.2,Parallel,1,720,0.761111111,25,Underpass,0,3,0.289916289,9.795178249,8.347116361,70
Full Cloverleaf,Free-Flow Loop,628,16,7.6,3.7,Parallel,1,540,1.162962963,25,Overpass,1,2,0.291251132,10.34714721,8.52277757,70
Full Cloverleaf,Parclo Loop,415,15.96666667,6.3,3.4,Parallel,1,540,0.768518519,25,Overpass,1,4,0.291544889,10.45412026,7.580189418,70
Full Cloverleaf,Free-Flow Loop,399,15,8.4,4.3,Tapered,0,690,0.57826087,30,Underpass,0,5,0.288951847,9.595058407,8.901502757,70
Partial Cloverleaf,Parclo Loop,655,15.13333333,7.4,5.8,Tapered,0,517.5,1.265700483,30,Overpass,1,5,0.289849923,9.920025051,7.639642288,70
Partial Cloverleaf,Parclo Loop,564,14.76666667,7.6,6,Tapered,0,517.5,1.089855072,30,Overpass,1,6,0.299230327,9.913536888,6.871091295,70
Partial Cloverleaf,Parclo Loop,925,16.26666667,8.8,3.7,Parallel,1,720,1.284722222,25,Underpass,0,5,0.298040453,9.890680896,7.917900586,70
Partial Cloverleaf,Free-Flow Loop,762,11.7,8.2,5,Parallel,1,540,1.411111111,25,Overpass,1,15,0.296341977,9.814492391,9.17232693,70
Partial Cloverleaf,Parclo Loop,701,16.1,7.7,5,Parallel,1,540,1.298148148,25,Overpass,1,11,0.299731705,10.23708065,8.311398278,70
Partial Cloverleaf,Parclo Loop,200,15.6,6.6,4.1,Tapered,0,540,0.37037037,25,Overpass,1,3,0.298335359,9.911207676,7.326465614,70
Partial Cloverleaf,Parclo Loop,250,15.6,7.1,3.2,Tapered,0,517.5,0.483091787,30,Overpass,1,2,0.295683975,9.727615155,6.65929392,70
Partial Cloverleaf,Parclo Loop,300,15.73333333,7,4.6,Tapered,0,517.5,0.579710145,30,Overpass,1,3,0.294910465,9.808627272,7.675081858,70
Partial Cloverleaf,Parclo Loop,2475,15.1,7.3,5.1,Parallel,1,588,4.209183673,40,Underpass,0,3,0.296371438,10.05914424,7.848933726,70
Partial Cloverleaf,Parclo Loop,1031,15.3,7.5,5.1,Parallel,1,540,1.909259259,25,Overpass,1,18,0.294827377,10.65854089,8.232440158,70
Partial Cloverleaf,Free-Flow Loop,891,16.5,6.5,4.4,Tapered,0,517.5,1.72173913,30,Overpass,1,6,0.189345465,10.79246875,9.474318718,70
Partial Cloverleaf,Parclo Loop,808,15.36666667,8.6,4.6,Parallel,1,720,1.122222222,25,Underpass,0,4,0.290618395,9.447938944,7.762170607,70
Partial Cloverleaf,Parclo Loop,1105,16.2,9.7,3.7,Parallel,1,540,2.046296296,25,Overpass,1,6,0.293714764,10.32046942,8.393216012,70
Partial Cloverleaf,Parclo Loop,358,15.2,6.7,2.5,Tapered,0,690,0.51884058,30,Underpass,0,3,0.295615277,9.723702775,6.272877007,70
Partial Cloverleaf,Free-Flow Loop,982,17,6.5,3.3,Parallel,1,540,1.818518519,25,Overpass,1,1,0.292601115,9.840441251,8.478660242,70
Partial Cloverleaf,Parclo Loop,663,15.9,8.2,4.4,Parallel,1,540,1.227777778,25,Overpass,1,6,0.29345418,10.24946801,7.574558484,70
Partial Cloverleaf,Free-Flow Loop,1060,14.7,8.6,4.1,Parallel,1,540,1.962962963,25,Overpass,1,2,0.290476001,9.831400614,8.580543507,70
Partial Cloverleaf,Free-Flow Loop,1075,14.2,10,3.1,Parallel,1,540,1.990740741,25,Overpass,1,1,0.295443318,9.777810944,6.982862751,70
Partial Cloverleaf,Free-Flow Loop,855,16.3,7.4,5,Parallel,1,540,1.583333333,25,Overpass,1,2,0.297066347,9.811180359,6.556778356,70
Partial Cloverleaf,Free-Flow Loop,1043,15,7.3,4.2,Tapered,0,540,1.931481481,25,Overpass,1,2,0.292947711,10.17895786,8.674025985,70
Partial Cloverleaf,Parclo Loop,382,15.7,10.2,3.2,Parallel,1,720,0.530555556,25,Underpass,0,4,0.295130713,10.38389005,8.117312462,70
Partial Cloverleaf,Parclo Loop,302,15.7,7.3,3.8,Parallel,1,540,0.559259259,25,Overpass,1,2,0.295474995,9.38353709,7.783224016,70
Partial Cloverleaf,Free-Flow Loop,521,16.5,7,3.6,Tapered,0,720,0.723611111,25,Underpass,0,2,0.292579146,9.04198089,7.942006808,70
Partial Cloverleaf,Parclo Loop,456,15.4,8.3,3.6,Parallel,1,720,0.633333333,25,Underpass,0,5,0.293944365,9.04198089,8.127404563,70
Partial Cloverleaf,Parclo Loop,927,15.6,6.5,3.1,Parallel,1,720,1.2875,25,Underpass,0,20,0.291767218,10.87790567,8.283746747,70
Partial Cloverleaf,Parclo Loop,895,15.4,7.1,3.5,Parallel,1,517.5,1.729468599,30,Overpass,1,8,0.299268477,10.04159595,7.519692404,70
Partial Cloverleaf,Parclo Loop,890,15.16666667,7.1,4.4,Parallel,1,540,1.648148148,25,Overpass,1,22,0.291225241,10.82273391,8.176110342,70
Partial Cloverleaf,Parclo Loop,747,14.6,7.5,4,Parallel,1,540,1.383333333,25,Overpass,1,14,0.291602156,10.54886155,8.382289429,70
Partial Cloverleaf,Free-Flow Loop,229,15.5,7.9,2.2,Tapered,0,720,0.318055556,25,Underpass,0,57,0.169973821,10.46208854,7.784473236,70
Partial Cloverleaf,Parclo Loop,838,14.8,7.3,3.5,Parallel,1,540,1.551851852,25,Overpass,1,8,0.300151442,10.2068461,7.383989458,70
Partial Cloverleaf,Parclo Loop,1151,15.6,9.4,5.3,Parallel,1,690,1.668115942,30,Underpass,0,22,0.296715199,10.2068461,8.378850242,70
Partial Cloverleaf,Free-Flow Loop,3316,14.86666667,6.6,4.9,Parallel,1,540,6.140740741,25,Overpass,1,17,0.291,10.51883534,7.251344983,70
Partial Cloverleaf,Free-Flow Loop,2989,14.6,6.9,4.8,Parallel,1,540,5.535185185,25,Overpass,1,3,0.203734382,10.31156591,9.032289682,70
Partial Cloverleaf,Free-Flow Loop,1750,13.2,7.2,2.4,Parallel,1,720,2.430555556,25,Underpass,0,4,0.229978597,10.7909672,8.779403598,70
Partial Cloverleaf,Free-Flow Loop,1685,14.5,9.6,8.1,Parallel,1,720,2.340277778,25,Underpass,0,9,0.294091601,10.94058785,7.864804003,70
Partial Cloverleaf,Parclo Loop,643,13.4,5.4,2.4,Tapered,0,432,1.488425926,20,Overpass,1,22,0.292130334,10.81752575,8.395929104,55
Partial Cloverleaf,Free-Flow Loop,852,15.2,7.7,3.8,Parallel,1,517.5,1.646376812,30,Overpass,1,14,0.292330695,10.87459785,8.596004372,70
Partial Cloverleaf,Parclo Loop,764,15.9,7.3,6.5,Parallel,1,481.5,1.586708204,35,Overpass,1,1,0.294543864,10.2098319,7.990576882,70
Partial Cloverleaf,Parclo Loop,795,16.6,7.6,5.2,Parallel,1,481.5,1.651090343,35,Overpass,1,3,0.29540519,10.2098319,8.498214225,70
Partial Cloverleaf,Parclo Loop,1168,17.2,7.2,4.6,Parallel,1,517.5,2.257004831,30,Overpass,1,1,0.291825572,10.12996554,7.668093709,70
Partial Cloverleaf,Free-Flow Loop,751,14.3,8.3,5.2,Parallel,1,720,1.043055556,25,Underpass,0,11,0.297046534,10.32539999,8.905172985,70
Partial Cloverleaf,Free-Flow Loop,791,14.3,7.7,5.3,Parallel,1,720,1.098611111,25,Underpass,0,7,0.291666949,10.45090062,8.228977643,70
Partial Cloverleaf,Parclo Loop,191,16.5,7.7,4.3,Tapered,0,690,0.276811594,30,Underpass,0,4,0.292920989,9.07543661,7.31521839,70
Partial Cloverleaf,Parclo Loop,281,14.5,8.1,4.1,Tapered,0,690,0.407246377,30,Underpass,0,2,0.185184393,10.20194264,6.792344427,70
Partial Cloverleaf,Parclo Loop,843,15.6,7.1,3.8,Parallel,1,540,1.561111111,25,Overpass,1,6,0.293049867,10.37818328,7.13009851,70
Partial Cloverleaf,Parclo Loop,529,15,8,4.6,Parallel,1,540,0.97962963,25,Overpass,1,9,0.292563584,10.6280365,8.534050308,70
Partial Cloverleaf,Free-Flow Loop,953,16.2,6.8,4.3,Tapered,0,690,1.38115942,30,Underpass,0,20,0.284147553,10.63746473,8.222553638,70
Partial Cloverleaf,Parclo Loop,942,15,7.6,3.5,Parallel,1,540,1.744444444,25,Underpass,0,6,0.293996078,10.18518299,7.081708586,70
Partial Cloverleaf,Parclo Loop,871,14.2,8.3,5.2,Parallel,1,540,1.612962963,25,Overpass,1,7,0.293867956,10.38376634,8.040768994,70
Partial Cloverleaf,Parclo Loop,945,15.4,7.9,4.6,Parallel,1,540,1.75,25,Overpass,1,4,0.290944549,10.02071488,8.410943392,70
Partial Cloverleaf,Parclo Loop,1037,15,7.5,3.5,Parallel,1,517.5,2.003864734,30,Overpass,1,20,0.297167553,11.39571164,8.432506383,70
Partial Cloverleaf,Free-Flow Loop,779,15.3,7.7,4.5,Parallel,1,720,1.081944444,25,Underpass,0,13,0.292359833,10.83529724,8.183676583,70
Partial Cloverleaf,Parclo Loop,137,11.7,3.4,2.6,Tapered,0,720,0.190277778,25,Underpass,0,4,0.295628258,10.40825486,8.312626026,70
Partial Cloverleaf,Free-Flow Loop,2226,15.4,7.8,4.1,Parallel,1,540,4.122222222,25,Overpass,1,1,0.168416675,10.90083279,8.306719043,70
Partial Cloverleaf,Parclo Loop,1142,16,6.6,5.6,Parallel,1,762,1.498687664,15,Underpass,0,13,0.29628746,10.71371752,7.779466967,70
Partial Cloverleaf,Parclo Loop,1032,15.2,8.1,4.3,Parallel,1,744,1.387096774,20,Underpass,0,30,0.295621298,10.65854089,8.26436333,70
Partial Cloverleaf,Parclo Loop,345,15.1,2.4,2,Parallel,1,720,0.479166667,25,Underpass,0,13,0.296531943,10.72052133,8.296047643,70
Partial Cloverleaf,Parclo Loop,448,15.3,3.1,2.4,Parallel,1,720,0.622222222,25,Underpass,0,14,0.295530583,10.71371752,8.203304027,70
Partial Cloverleaf,Parclo Loop,720,15.3,2.9,2.7,Tapered,0,432,1.666666667,20,Overpass,1,7,0.130043633,10.81752575,8.11342664,55
Partial Cloverleaf,Parclo Loop,686,15.2,2.9,2.5,Tapered,0,432,1.587962963,20,Overpass,1,4,0.25007173,10.81752575,8.711937268,55
Partial Cloverleaf,Parclo Loop,1956,15.03333333,8,4.7,Parallel,1,720,2.716666667,25,Underpass,0,3,0.297556624,10.1674275,6.642486801,70
Partial Cloverleaf,Parclo Loop,976,15.5,7,4.2,Parallel,1,720,1.355555556,25,Underpass,0,12,0.290684012,10.35094197,7.89319887,70
Partial Cloverleaf,Parclo Loop,251,15.6,2.6,2.4,Tapered,0,517.5,0.485024155,30,Overpass,1,5,0.286173315,10.5976717,9.078978054,70
Partial Cloverleaf,Free-Flow Loop,487,16.1,7.3,4.1,Parallel,1,450,1.082222222,25,Overpass,1,0,0.294994883,8.222016437,8.070280893,60
Partial Cloverleaf,Free-Flow Loop,487,16.1,7.3,4.1,Parallel,1,450,1.082222222,25,Overpass,1,0,0.137206655,8.222016437,8.070280893,60
Partial Cloverleaf,Parclo Loop,777,16.5,6.6,4.8,Parallel,1,558,1.392473118,30,Overpass,1,0,0.292943101,8.988071438,6.421622268,75
Partial Cloverleaf,Parclo Loop,323,16.73333333,6.7,5.1,Tapered,0,540,0.598148148,25,Overpass,1,5,0.296317454,9.918400795,8.372167419,70
Partial Cloverleaf,Parclo Loop,600,16.53333333,7.3,3.6,Parallel,1,540,1.111111111,25,Overpass,1,4,0.287091433,9.935640076,7.155396302,70
Partial Cloverleaf,Parclo Loop,255,16.23333333,6,5.4,Tapered,0,540,0.472222222,25,Overpass,1,0,0.295463148,9.935640076,7.471932078,70
Partial Cloverleaf,Parclo Loop,929,16,6.1,6.5,Parallel,1,720,1.290277778,25,Underpass,0,3,0.294296227,10.34632872,7.463936604,70
Partial Cloverleaf,Parclo Loop,912,16.26666667,8.5,5.7,Parallel,1,720,1.266666667,25,Underpass,0,8,0.289700573,10.23690155,8.603003848,70
Partial Cloverleaf,Parclo Loop,1033,15.96666667,6.9,5,Parallel,1,720,1.434722222,25,Underpass,0,0,0.291000617,9.983222521,7.609862201,70
Partial Cloverleaf,Parclo Loop,1009,15.93333333,8,6,Parallel,1,720,1.401388889,25,Underpass,0,5,0.293726729,9.9953144,7.654917048,70
Partial Cloverleaf,Free-Flow Loop,930,16.2,8.5,6.8,Parallel,1,580.5,1.602067183,25,Overpass,1,2,0.293799262,9.080801001,6.818924065,75
Partial Cloverleaf,Parclo Loop,296,16.5,8.5,4.2,Parallel,1,774,0.382428941,25,Underpass,0,2,0.291413098,8.591093999,7.799343398,75
Partial Cloverleaf,Parclo Loop,1179,15.16666667,7.2,3.6,Parallel,1,558,2.112903226,30,Overpass,1,0,0.291405484,9.329722129,7.283448229,75
Partial Cloverleaf,Parclo Loop,736,16.6,8.4,4.1,Parallel,1,540,1.362962963,25,Overpass,1,7,0.292081687,9.814492391,7.772331575,70
Partial Cloverleaf,Parclo Loop,2654,15.5,7.3,4.2,Parallel,1,690,3.846376812,30,Underpass,0,4,0.181088994,10.20359214,7.121252453,70
Partial Cloverleaf,Parclo Loop,1392,14.46666667,8.3,4.5,Parallel,1,540,2.577777778,25,Overpass,1,14,0.290339967,10.53734906,7.917536354,70
Partial Cloverleaf,Free-Flow Loop,501,14.5,9.8,7.7,Parallel,1,690,0.726086957,30,Underpass,0,27,0.290392018,10.9013214,7.40731771,70
Partial Cloverleaf,Parclo Loop,535,16.3,7.1,4.3,Parallel,1,517.5,1.033816425,30,Overpass,1,3,0.293749404,10.289396,8.096208272,70
Partial Cloverleaf,Parclo Loop,1033,15.06666667,7,5,Parallel,1,540,1.912962963,25,Overpass,1,6,0.291137201,10.30745153,6.907755279,70
Partial Cloverleaf,Parclo Loop,996,14.86666667,7.5,4.5,Parallel,1,720,1.383333333,25,Underpass,0,7,0.29062951,10.41296727,6.64118217,70
Partial Cloverleaf,Free-Flow Loop,974,14.8,7.8,5,Parallel,1,517.5,1.882125604,30,Overpass,1,2,0.291206943,9.667448713,7.990238186,70
Partial Cloverleaf,Free-Flow Loop,941,15.76666667,8,5,Parallel,1,517.5,1.818357488,30,Overpass,1,5,0.290625454,10.19256865,4.912654886,70
Partial Cloverleaf,Parclo Loop,1093,14.66666667,7.6,3.2,Parallel,1,774,1.412144703,25,Underpass,0,4,0.291282371,10.03069273,7.7419679,75
Partial Cloverleaf,Parclo Loop,1085,14.8,7.8,6.4,Parallel,1,774,1.401808786,25,Underpass,0,2,0.292031228,10.03069273,6.988413182,75
Partial Cloverleaf,Parclo Loop,1658,15.13333333,8.1,4.1,Parallel,1,720,2.302777778,25,Underpass,0,2,0.291863764,9.554639045,7.133295955,70
Partial Cloverleaf,Parclo Loop,912,14.56666667,7.5,4.8,Parallel,1,558,1.634408602,20,Overpass,1,0,0.291072534,10.31711922,8.074026216,70
Partial Cloverleaf,Parclo Loop,971,15.53333333,7.1,4.3,Parallel,1,540,1.798148148,25,Overpass,1,2,0.290634203,10.19662348,7.085901464,70
Partial Cloverleaf,Parclo Loop,615,16.23333333,7.6,6.1,Parallel,1,540,1.138888889,25,Overpass,1,1,0.292111256,9.874290435,6.996681488,70
Partial Cloverleaf,Parclo Loop,911,14.76666667,7.4,4.9,Parallel,1,540,1.687037037,25,Overpass,1,1,0.290259338,10.38633028,8.18729927,70
Partial Cloverleaf,Parclo Loop,938,15.4,6.9,4.9,Tapered,0,558,1.681003584,30,Overpass,1,8,0.296226308,9.96808076,7.019296654,75
Partial Cloverleaf,Parclo Loop,311,16,6.6,5,Tapered,0,558,0.55734767,30,Overpass,1,4,0.291220852,9.355608865,6.993015123,75
Partial Cloverleaf,Parclo Loop,964,15.93333333,6.2,5.4,Parallel,1,580.5,1.660637382,25,Overpass,1,3,0.292344169,9.355608865,6.602587892,75
Partial Cloverleaf,Free-Flow Loop,594,15.06666667,7.8,5.5,Tapered,0,720,0.825,25,Underpass,0,13,0.291445619,10.24218944,8.106212903,70
Partial Cloverleaf,Parclo Loop,294,15,8.9,5.9,Tapered,0,720,0.408333333,25,Underpass,0,5,0.28923651,10.24218944,8.521185213,70
Partial Cloverleaf,Parclo Loop,948,16.16666667,7.4,5.9,Parallel,1,540,1.755555556,25,Overpass,1,3,0.2901026,9.928106992,8.187855444,70
Partial Cloverleaf,Parclo Loop,1003,15.26666667,7.8,3.5,Parallel,1,744,1.34811828,20,Underpass,0,1,0.22389907,9.605755144,6.952728645,70
Partial Cloverleaf,Parclo Loop,922,16.5,6.7,3.7,Parallel,1,580.5,1.58828596,25,Overpass,1,0,0.291155029,8.326758815,7.40671073,75
Partial Cloverleaf,Parclo Loop,1165,16.03333333,6.9,4.2,Parallel,1,774,1.505167959,25,Underpass,0,1,0.294840118,8.326758815,6.80682936,75
Partial Cloverleaf,Parclo Loop,208,16,7.5,4.8,Tapered,0,774,0.26873385,25,Underpass,0,7,0.290434473,9.209840247,7.297091005,75
Partial Cloverleaf,Free-Flow Loop,695,14.7,7.5,4.9,Parallel,1,774,0.897932817,25,Underpass,0,1,0.287276564,9.080801001,6.763884909,75
Partial Cloverleaf,Parclo Loop,354,16.13333333,6.8,4.5,Parallel,1,744,0.475806452,30,Underpass,0,1,0.29104519,8.14786713,7.568895663,75
Partial Cloverleaf,Parclo Loop,279,16.16666667,6.6,4.2,Parallel,1,744,0.375,30,Underpass,0,1,0.287646312,8.673256327,5.556828062,75
Partial Cloverleaf,Free-Flow Loop,541,15.7,7.1,3.9,Parallel,1,580.5,0.931955211,25,Overpass,1,0,0.290483279,8.104854514,6.403574198,75
Partial Cloverleaf,Free-Flow Loop,441,15.6,6.7,4,Parallel,1,720,0.6125,25,Underpass,0,7,0.290743935,9.379492255,6.829793738,70
Partial Cloverleaf,Parclo Loop,916,15.1,7.4,5,Parallel,1,540,1.696296296,25,Overpass,1,2,0.293327646,9.43739626,6.945051064,70
Partial Cloverleaf,Parclo Loop,933,14.73333333,8.7,3.6,Parallel,1,540,1.727777778,25,Overpass,1,3,0.293155457,9.296472196,7.195937226,70
Partial Cloverleaf,Parclo Loop,109,14.56666667,7.8,4.3,Tapered,0,540,0.201851852,25,Overpass,1,3,0.294742465,9.450812905,6.463029457,70
Partial Cloverleaf,Parclo Loop,1075,15.46666667,6.7,4.7,Parallel,1,540,1.990740741,25,Overpass,1,4,0.290128895,9.323088532,6.359573869,70
Partial Cloverleaf,Parclo Loop,1081,15.43333333,7.2,5,Parallel,1,540,2.001851852,25,Overpass,1,2,0.291580649,9.450144364,6.386879319,70
Partial Cloverleaf,Free-Flow Loop,561,15.73333333,8,5.5,Parallel,1,540,1.038888889,25,Overpass,1,9,0.290996912,9.554532732,6.753437919,70
Partial Cloverleaf,Parclo Loop,536,15.36666667,7.2,4.4,Parallel,1,540,0.992592593,25,Overpass,1,6,0.291252357,9.631744444,6.326149473,70
Partial Cloverleaf,Parclo Loop,886,16,4.7,2.6,Parallel,1,540,1.640740741,25,Overpass,1,8,0.29287435,10.30313578,7.60339934,70
Partial Cloverleaf,Parclo Loop,857,15.5,7,3.8,Parallel,1,540,1.587037037,25,Overpass,1,6,0.290832027,10.30313578,8.502079554,70
Partial Cloverleaf,Free-Flow Loop,364,14.7,7.7,5.1,Tapered,0,517.5,0.703381643,30,Overpass,1,4,0.291439814,10.37120733,8.435332165,70
Partial Cloverleaf,Parclo Loop,923,15.1,7.8,4.6,Parallel,1,540,1.709259259,25,Overpass,1,6,0.289920671,10.37120733,8.66077392,70
Partial Cloverleaf,Parclo Loop,1286,16.3,8.5,5.6,Parallel,1,540,2.381481481,25,Overpass,1,9,0.28982746,10.51686074,8.166216269,70
Partial Cloverleaf,Parclo Loop,229,14.73333333,8.5,4.9,Tapered,0,540,0.424074074,25,Overpass,1,3,0.290576989,9.991154964,5.472270674,70
Partial Cloverleaf,Parclo Loop,290,16.23333333,7.4,5,Tapered,0,540,0.537037037,25,Overpass,1,11,0.244860579,9.983222521,5.802118375,70
Full Cloverleaf,Free-Flow Loop,564,15.3,8.5,5.2,Parallel,1,720,0.783333333,25,Underpass,0,4,0.292253663,10.04998761,6.558197803,70
Full Cloverleaf,Free-Flow Loop,548,15.9,7.6,6.2,Parallel,1,720,0.761111111,25,Underpass,0,7,0.289916289,9.817439348,8.369388997,70
Full Cloverleaf,Free-Flow Loop,628,16,7.6,3.7,Parallel,1,540,1.162962963,25,Overpass,1,11,0.291251132,10.35094197,8.502079554,70
Full Cloverleaf,Parclo Loop,415,15.96666667,6.3,3.4,Parallel,1,540,0.768518519,25,Overpass,1,8,0.291544889,10.45499916,7.585281079,70
Full Cloverleaf,Free-Flow Loop,399,15,8.4,4.3,Tapered,0,690,0.57826087,30,Underpass,0,1,0.288951847,9.628820417,8.923724398,70
Partial Cloverleaf,Parclo Loop,655,15.13333333,7.4,5.8,Tapered,0,517.5,1.265700483,30,Overpass,1,5,0.289849923,9.860149374,7.632885505,70
Partial Cloverleaf,Parclo Loop,564,14.76666667,7.6,6,Tapered,0,517.5,1.089855072,30,Overpass,1,2,0.299230327,9.882825556,6.863803391,70
Partial Cloverleaf,Parclo Loop,925,16.26666667,8.8,3.7,Parallel,1,720,1.284722222,25,Underpass,0,2,0.298040453,9.803819139,7.723120092,70
Partial Cloverleaf,Free-Flow Loop,762,11.7,8.2,5,Parallel,1,540,1.411111111,25,Overpass,1,19,0.296341977,9.809094452,9.17232693,70
Partial Cloverleaf,Parclo Loop,701,16.1,7.7,5,Parallel,1,540,1.298148148,25,Overpass,1,7,0.299731705,10.23170258,8.311398278,70
Partial Cloverleaf,Parclo Loop,200,15.6,6.6,4.1,Tapered,0,540,0.37037037,25,Overpass,1,3,0.298335359,9.756581401,7.319202459,70
Partial Cloverleaf,Parclo Loop,250,15.6,7.1,3.2,Tapered,0,517.5,0.483091787,30,Overpass,1,0,0.295683975,9.707001146,6.652863029,70
Partial Cloverleaf,Parclo Loop,300,15.73333333,7,4.6,Tapered,0,517.5,0.579710145,30,Overpass,1,4,0.294910465,9.761347785,7.668093709,70
Partial Cloverleaf,Parclo Loop,2475,15.1,7.3,5.1,Parallel,1,588,4.209183673,40,Underpass,0,1,0.296371438,10.11189303,7.655390645,70
Partial Cloverleaf,Parclo Loop,1031,15.3,7.5,5.1,Parallel,1,540,1.909259259,25,Overpass,1,17,0.294827377,10.73698889,8.232440158,70
Partial Cloverleaf,Free-Flow Loop,891,16.5,6.5,4.4,Tapered,0,517.5,1.72173913,30,Overpass,1,6,0.189345465,10.82130712,9.474318718,70
Partial Cloverleaf,Parclo Loop,808,15.36666667,8.6,4.6,Parallel,1,720,1.122222222,25,Underpass,0,2,0.290618395,9.376998224,7.795234929,70
Partial Cloverleaf,Parclo Loop,1105,16.2,9.7,3.7,Parallel,1,540,2.046296296,25,Overpass,1,11,0.293714764,10.26216674,8.386172929,70
Partial Cloverleaf,Parclo Loop,358,15.2,6.7,2.5,Tapered,0,690,0.51884058,30,Underpass,0,1,0.295615277,9.703175126,6.265301213,70
Partial Cloverleaf,Free-Flow Loop,982,17,6.5,3.3,Parallel,1,540,1.818518519,25,Overpass,1,1,0.292601115,9.771897132,8.478660242,70
Partial Cloverleaf,Parclo Loop,663,15.9,8.2,4.4,Parallel,1,540,1.227777778,25,Overpass,1,7,0.29345418,10.1840978,7.574558484,70
Partial Cloverleaf,Free-Flow Loop,1060,14.7,8.6,4.1,Parallel,1,540,1.962962963,25,Overpass,1,3,0.290476001,9.790850628,8.573573525,70
Partial Cloverleaf,Free-Flow Loop,1075,14.2,10,3.1,Parallel,1,540,1.990740741,25,Overpass,1,4,0.295443318,9.785210645,6.97634807,70
Partial Cloverleaf,Free-Flow Loop,855,16.3,7.4,5,Parallel,1,540,1.583333333,25,Overpass,1,0,0.297066347,9.825431412,6.549650742,70
Partial Cloverleaf,Free-Flow Loop,1043,15,7.3,4.2,Tapered,0,540,1.931481481,25,Overpass,1,0,0.292947711,10.1556655,8.666991557,70
Partial Cloverleaf,Parclo Loop,382,15.7,10.2,3.2,Parallel,1,720,0.530555556,25,Underpass,0,8,0.295130713,10.36066712,8.110427238,70
Partial Cloverleaf,Parclo Loop,302,15.7,7.3,3.8,Parallel,1,540,0.559259259,25,Overpass,1,3,0.295474995,9.285494226,7.776115477,70
Partial Cloverleaf,Free-Flow Loop,521,16.5,7,3.6,Tapered,0,720,0.723611111,25,Underpass,0,3,0.292579146,9.054300409,7.934871566,70
Partial Cloverleaf,Parclo Loop,456,15.4,8.3,3.6,Parallel,1,720,0.633333333,25,Underpass,0,6,0.293944365,9.039581707,7.516977225,70
Partial Cloverleaf,Parclo Loop,927,15.6,6.5,3.1,Parallel,1,720,1.2875,25,Underpass,0,12,0.291767218,10.88399644,8.276649125,70
Partial Cloverleaf,Parclo Loop,895,15.4,7.1,3.5,Parallel,1,517.5,1.729468599,30,Overpass,1,5,0.299268477,10.03236438,7.512617545,70
Partial Cloverleaf,Parclo Loop,890,15.16666667,7.1,4.4,Parallel,1,540,1.648148148,25,Overpass,1,6,0.291225241,10.81273353,8.16905315,70
Partial Cloverleaf,Parclo Loop,747,14.6,7.5,4,Parallel,1,540,1.383333333,25,Overpass,1,16,0.291602156,10.50347723,8.62299361,70
Partial Cloverleaf,Free-Flow Loop,229,15.5,7.9,2.2,Tapered,0,720,0.318055556,25,Underpass,0,18,0.169973821,10.42100821,7.77148876,70
Partial Cloverleaf,Parclo Loop,838,14.8,7.3,3.5,Parallel,1,540,1.551851852,25,Overpass,1,5,0.300151442,10.16408102,7.377133713,70
Partial Cloverleaf,Parclo Loop,1151,15.6,9.4,5.3,Parallel,1,690,1.668115942,30,Underpass,0,13,0.296715199,10.19947256,8.378850242,70
Partial Cloverleaf,Free-Flow Loop,3316,14.86666667,6.6,4.9,Parallel,1,540,6.140740741,25,Overpass,1,13,0.291,10.59858283,7.251344983,70
Partial Cloverleaf,Free-Flow Loop,2989,14.6,6.9,4.8,Parallel,1,540,5.535185185,25,Overpass,1,3,0.203734382,10.4045431,9.032289682,70
Partial Cloverleaf,Free-Flow Loop,1750,13.2,7.2,2.4,Parallel,1,720,2.430555556,25,Underpass,0,3,0.229978597,10.82257437,8.779403598,70
Partial Cloverleaf,Free-Flow Loop,1685,14.5,9.6,8.1,Parallel,1,720,2.340277778,25,Underpass,0,8,0.294091601,10.88153638,7.864804003,70
Partial Cloverleaf,Parclo Loop,643,13.4,5.4,2.4,Tapered,0,432,1.488425926,20,Overpass,1,10,0.292130334,10.7416816,8.395929104,55
Partial Cloverleaf,Free-Flow Loop,852,15.2,7.7,3.8,Parallel,1,517.5,1.646376812,30,Overpass,1,15,0.292330695,10.71127394,8.791941988,70
Partial Cloverleaf,Parclo Loop,764,15.9,7.3,6.5,Parallel,1,481.5,1.586708204,35,Overpass,1,5,0.294543864,10.18657785,7.983440063,70
Partial Cloverleaf,Parclo Loop,795,16.6,7.6,5.2,Parallel,1,481.5,1.651090343,35,Overpass,1,3,0.29540519,10.15403224,8.491259809,70
Partial Cloverleaf,Parclo Loop,1168,17.2,7.2,4.6,Parallel,1,517.5,2.257004831,30,Overpass,1,6,0.291825572,10.12329555,7.580189418,70
Partial Cloverleaf,Free-Flow Loop,751,14.3,8.3,5.2,Parallel,1,720,1.043055556,25,Underpass,0,10,0.297046534,10.30473545,8.898228986,70
Partial Cloverleaf,Free-Flow Loop,791,14.3,7.7,5.3,Parallel,1,720,1.098611111,25,Underpass,0,6,0.291666949,10.43815909,8.222016437,70
Partial Cloverleaf,Parclo Loop,191,16.5,7.7,4.3,Tapered,0,690,0.276811594,30,Underpass,0,4,0.292920989,9.069813137,7.31521839,70
Partial Cloverleaf,Parclo Loop,281,14.5,8.1,4.1,Tapered,0,690,0.407246377,30,Underpass,0,14,0.185184393,10.13965591,7.169350017,70
Partial Cloverleaf,Parclo Loop,843,15.6,7.1,3.8,Parallel,1,540,1.561111111,25,Overpass,1,7,0.293049867,10.37583998,7.122866659,70
Partial Cloverleaf,Parclo Loop,529,15,8,4.6,Parallel,1,540,0.97962963,25,Overpass,1,3,0.292563584,10.60925476,8.527143522,70
Partial Cloverleaf,Free-Flow Loop,953,16.2,6.8,4.3,Tapered,0,690,1.38115942,30,Underpass,0,23,0.284147553,10.69836743,8.215547412,70
Partial Cloverleaf,Parclo Loop,942,15,7.6,3.5,Parallel,1,540,1.744444444,25,Underpass,0,12,0.293996078,10.34008789,7.081708586,70
Partial Cloverleaf,Parclo Loop,871,14.2,8.3,5.2,Parallel,1,540,1.612962963,25,Overpass,1,9,0.293867956,10.34142792,8.040768994,70
Partial Cloverleaf,Parclo Loop,945,15.4,7.9,4.6,Parallel,1,540,1.75,25,Overpass,1,7,0.290944549,10.0183218,8.410943392,70
Partial Cloverleaf,Parclo Loop,1037,15,7.5,3.5,Parallel,1,517.5,2.003864734,30,Overpass,1,20,0.297167553,11.43517741,8.393668705,70
Partial Cloverleaf,Free-Flow Loop,779,15.3,7.7,4.5,Parallel,1,720,1.081944444,25,Underpass,0,8,0.292359833,10.77511559,8.183676583,70
Partial Cloverleaf,Parclo Loop,137,11.7,3.4,2.6,Tapered,0,720,0.190277778,25,Underpass,0,9,0.295628258,10.43296809,8.272315148,70
Partial Cloverleaf,Free-Flow Loop,2226,15.4,7.8,4.1,Parallel,1,540,4.122222222,25,Overpass,1,3,0.168416675,10.86160617,8.306719043,70
Partial Cloverleaf,Parclo Loop,1142,16,6.6,5.6,Parallel,1,762,1.498687664,15,Underpass,0,17,0.29628746,10.79105468,7.779466967,70
Partial Cloverleaf,Parclo Loop,1032,15.2,8.1,4.3,Parallel,1,744,1.387096774,20,Underpass,0,41,0.295621298,10.73698889,8.26436333,70
Partial Cloverleaf,Parclo Loop,345,15.1,2.4,2,Parallel,1,720,0.479166667,25,Underpass,0,10,0.296531943,10.79779338,8.296047643,70
Partial Cloverleaf,Parclo Loop,448,15.3,3.1,2.4,Parallel,1,720,0.622222222,25,Underpass,0,14,0.295530583,10.79105468,8.203304027,70
Partial Cloverleaf,Parclo Loop,720,15.3,2.9,2.7,Tapered,0,432,1.666666667,20,Overpass,1,8,0.130043633,10.7416816,8.11342664,55
Partial Cloverleaf,Parclo Loop,686,15.2,2.9,2.5,Tapered,0,432,1.587962963,20,Overpass,1,2,0.25007173,10.7416816,8.711937268,55
Partial Cloverleaf,Parclo Loop,1956,15.03333333,8,4.7,Parallel,1,720,2.716666667,25,Underpass,0,3,0.297556624,10.20435112,7.073269717,70
Partial Cloverleaf,Parclo Loop,976,15.5,7,4.2,Parallel,1,720,1.355555556,25,Underpass,0,8,0.290684012,10.36228013,7.565793282,70
Partial Cloverleaf,Parclo Loop,251,15.6,2.6,2.4,Tapered,0,517.5,0.485024155,30,Overpass,1,11,0.286173315,10.59527756,9.071997422,70
Partial Cloverleaf,Free-Flow Loop,487,16.1,7.3,4.1,Parallel,1,414,1.176328502,25,Overpass,1,4,0.294994883,8.204124933,8.063377822,55
Partial Cloverleaf,Free-Flow Loop,487,16.1,7.3,4.1,Parallel,1,414,1.176328502,25,Overpass,1,0,0.137206655,8.204124933,8.063377822,55
Partial Cloverleaf,Parclo Loop,777,16.5,6.6,4.8,Parallel,1,517.5,1.501449275,30,Overpass,1,2,0.292943101,8.969987079,6.413458957,70
Partial Cloverleaf,Parclo Loop,323,16.73333333,6.7,5.1,Tapered,0,540,0.598148148,25,Overpass,1,11,0.296317454,9.883552666,8.195609567,70
Partial Cloverleaf,Parclo Loop,600,16.53333333,7.3,3.6,Parallel,1,540,1.111111111,25,Overpass,1,4,0.287091433,9.89150353,6.993932975,70
Partial Cloverleaf,Parclo Loop,255,16.23333333,6,5.4,Tapered,0,540,0.472222222,25,Overpass,1,6,0.295463148,9.89150353,7.218909708,70
Partial Cloverleaf,Parclo Loop,929,16,6.1,6.5,Parallel,1,720,1.290277778,25,Underpass,0,3,0.294296227,10.30632421,7.457032089,70
Partial Cloverleaf,Parclo Loop,912,16.26666667,8.5,5.7,Parallel,1,720,1.266666667,25,Underpass,0,5,0.289700573,10.21490751,8.596004372,70
Partial Cloverleaf,Parclo Loop,1033,15.96666667,6.9,5,Parallel,1,720,1.434722222,25,Underpass,0,7,0.291000617,9.971379819,7.602900462,70
Partial Cloverleaf,Parclo Loop,1009,15.93333333,8,6,Parallel,1,720,1.401388889,25,Underpass,0,5,0.293726729,9.97402756,7.647786045,70
Partial Cloverleaf,Free-Flow Loop,930,16.2,8.5,6.8,Parallel,1,540,1.722222222,25,Overpass,1,1,0.293799262,8.937546912,6.812345094,70
Partial Cloverleaf,Parclo Loop,296,16.5,8.5,4.2,Parallel,1,720,0.411111111,25,Underpass,0,2,0.291413098,8.580496575,7.792348924,70
Partial Cloverleaf,Parclo Loop,1179,15.16666667,7.2,3.6,Parallel,1,517.5,2.27826087,30,Overpass,1,1,0.291405484,9.347403022,7.276556403,70
Partial Cloverleaf,Parclo Loop,736,16.6,8.4,4.1,Parallel,1,540,1.362962963,25,Overpass,1,2,0.292081687,9.809094452,7.772331575,70
Partial Cloverleaf,Parclo Loop,2654,15.5,7.3,4.2,Parallel,1,690,3.846376812,30,Underpass,0,5,0.181088994,10.15909829,7.11395611,70
Partial Cloverleaf,Parclo Loop,1392,14.46666667,8.3,4.5,Parallel,1,540,2.577777778,25,Overpass,1,2,0.290339967,10.47936329,7.917536354,70
Partial Cloverleaf,Free-Flow Loop,501,14.5,9.8,7.7,Parallel,1,690,0.726086957,30,Underpass,0,23,0.290392018,10.88461051,7.40731771,70
Partial Cloverleaf,Parclo Loop,535,16.3,7.1,4.3,Parallel,1,517.5,1.033816425,30,Overpass,1,4,0.293749404,10.2429731,7.913521017,70
Partial Cloverleaf,Parclo Loop,1033,15.06666667,7,5,Parallel,1,540,1.912962963,25,Overpass,1,3,0.291137201,10.31816014,6.504288174,70
Partial Cloverleaf,Parclo Loop,996,14.86666667,7.5,4.5,Parallel,1,720,1.383333333,25,Underpass,0,7,0.29062951,10.4302628,6.618738984,70
Partial Cloverleaf,Free-Flow Loop,974,14.8,7.8,5,Parallel,1,517.5,1.882125604,30,Overpass,1,7,0.291206943,9.684865016,7.94944442,70
Partial Cloverleaf,Free-Flow Loop,941,15.76666667,8,5,Parallel,1,517.5,1.818357488,30,Overpass,1,5,0.290625454,10.07162566,4.912654886,70
Partial Cloverleaf,Parclo Loop,1093,14.66666667,7.6,3.2,Parallel,1,720,1.518055556,25,Underpass,0,4,0.291282371,10.00430527,7.734996194,70
Partial Cloverleaf,Parclo Loop,1085,14.8,7.8,6.4,Parallel,1,720,1.506944444,25,Underpass,0,13,0.292031228,10.00430527,6.981005741,70
Partial Cloverleaf,Parclo Loop,1658,15.13333333,8.1,4.1,Parallel,1,720,2.302777778,25,Underpass,0,5,0.291863764,9.549309489,7.133295955,70
Partial Cloverleaf,Parclo Loop,912,14.56666667,7.5,4.8,Parallel,1,558,1.634408602,20,Overpass,1,2,0.291072534,10.2809989,8.074026216,70
Partial Cloverleaf,Parclo Loop,971,15.53333333,7.1,4.3,Parallel,1,540,1.798148148,25,Overpass,1,2,0.290634203,10.17337155,7.079184395,70
Partial Cloverleaf,Parclo Loop,615,16.23333333,7.6,6.1,Parallel,1,540,1.138888889,25,Overpass,1,2,0.292111256,9.850996172,6.989335266,70
Partial Cloverleaf,Parclo Loop,911,14.76666667,7.4,4.9,Parallel,1,540,1.687037037,25,Overpass,1,2,0.290259338,10.39074,8.18729927,70
Partial Cloverleaf,Parclo Loop,938,15.4,6.9,4.9,Tapered,0,517.5,1.812560386,30,Overpass,1,6,0.296226308,9.931455284,7.012115294,70
Partial Cloverleaf,Parclo Loop,311,16,6.6,5,Tapered,0,517.5,0.600966184,30,Overpass,1,7,0.291220852,9.334922464,6.985641818,70
Partial Cloverleaf,Parclo Loop,964,15.93333333,6.2,5.4,Parallel,1,540,1.785185185,25,Overpass,1,1,0.292344169,9.335143156,6.595780514,70
Partial Cloverleaf,Free-Flow Loop,594,15.06666667,7.8,5.5,Tapered,0,720,0.825,25,Underpass,0,13,0.291445619,10.23678511,8.106212903,70
Partial Cloverleaf,Parclo Loop,294,15,8.9,5.9,Tapered,0,720,0.408333333,25,Underpass,0,7,0.28923651,10.10013311,8.514188682,70
Partial Cloverleaf,Parclo Loop,948,16.16666667,7.4,5.9,Parallel,1,540,1.755555556,25,Overpass,1,5,0.2901026,9.884521325,8.180880942,70
Partial Cloverleaf,Parclo Loop,1003,15.26666667,7.8,3.5,Parallel,1,744,1.34811828,20,Underpass,0,3,0.22389907,9.582593346,6.946013991,70
Partial Cloverleaf,Parclo Loop,922,16.5,6.7,3.7,Parallel,1,540,1.707407407,25,Overpass,1,1,0.291155029,8.31666693,7.418780883,70
Partial Cloverleaf,Parclo Loop,1165,16.03333333,6.9,4.2,Parallel,1,720,1.618055556,25,Underpass,0,1,0.294840118,8.343196883,6.800170068,70
Partial Cloverleaf,Parclo Loop,208,16,7.5,4.8,Tapered,0,720,0.288888889,25,Underpass,0,5,0.290434473,9.127936546,7.290292882,70
Partial Cloverleaf,Free-Flow Loop,695,14.7,7.5,4.9,Parallel,1,720,0.965277778,25,Underpass,0,2,0.287276564,8.937546912,6.756932389,70
Partial Cloverleaf,Parclo Loop,354,16.13333333,6.8,4.5,Parallel,1,690,0.513043478,30,Underpass,0,1,0.29104519,8.099554282,7.562161631,70
Partial Cloverleaf,Parclo Loop,279,16.16666667,6.6,4.2,Parallel,1,690,0.404347826,30,Underpass,0,0,0.287646312,8.66168307,5.549076085,70
Partial Cloverleaf,Free-Flow Loop,541,15.7,7.1,3.9,Parallel,1,540,1.001851852,25,Overpass,1,3,0.290483279,7.982843023,6.396929655,70
Partial Cloverleaf,Free-Flow Loop,441,15.6,6.7,4,Parallel,1,720,0.6125,25,Underpass,0,6,0.290743935,9.358889679,6.823286122,70
Partial Cloverleaf,Parclo Loop,916,15.1,7.4,5,Parallel,1,540,1.696296296,25,Overpass,1,4,0.293327646,9.416907287,6.938284484,70
Partial Cloverleaf,Parclo Loop,933,14.73333333,8.7,3.6,Parallel,1,540,1.727777778,25,Overpass,1,0,0.293155457,9.276104704,7.189167738,70
Partial Cloverleaf,Parclo Loop,109,14.56666667,7.8,4.3,Tapered,0,540,0.201851852,25,Overpass,1,2,0.294742465,9.406667557,6.456769656,70
Partial Cloverleaf,Parclo Loop,1075,15.46666667,6.7,4.7,Parallel,1,540,1.990740741,25,Overpass,1,2,0.290128895,9.422362307,6.352629396,70
Partial Cloverleaf,Parclo Loop,1081,15.43333333,7.2,5,Parallel,1,540,2.001851852,25,Overpass,1,1,0.291580649,9.429475902,6.380122537,70
Partial Cloverleaf,Free-Flow Loop,561,15.73333333,8,5.5,Parallel,1,540,1.038888889,25,Overpass,1,2,0.290996912,9.462207425,6.746412129,70
Partial Cloverleaf,Parclo Loop,536,15.36666667,7.2,4.4,Parallel,1,540,0.992592593,25,Overpass,1,0,0.291252357,9.561384493,6.318968114,70
Partial Cloverleaf,Parclo Loop,886,16,4.7,2.6,Parallel,1,540,1.640740741,25,Overpass,1,6,0.29287435,10.29698129,7.596392304,70
Partial Cloverleaf,Parclo Loop,857,15.5,7,3.8,Parallel,1,540,1.587037037,25,Overpass,1,4,0.290832027,10.29613756,8.495152061,70
Partial Cloverleaf,Free-Flow Loop,364,14.7,7.7,5.1,Tapered,0,517.5,0.703381643,30,Overpass,1,7,0.291439814,10.34796502,8.428361978,70
Partial Cloverleaf,Parclo Loop,923,15.1,7.8,4.6,Parallel,1,540,1.709259259,25,Overpass,1,5,0.289920671,10.34796502,8.653819789,70
Partial Cloverleaf,Parclo Loop,1286,16.3,8.5,5.6,Parallel,1,540,2.381481481,25,Overpass,1,12,0.28982746,10.61806594,8.159374737,70
Partial Cloverleaf,Parclo Loop,229,14.73333333,8.5,4.9,Tapered,0,540,0.424074074,25,Overpass,1,0,0.290576989,9.978884872,5.463831805,70
Partial Cloverleaf,Parclo Loop,290,16.23333333,7.4,5,Tapered,0,540,0.537037037,25,Overpass,1,5,0.244860579,9.971379819,5.796057751,70
Full Cloverleaf,Free-Flow Loop,564,15.3,8.5,5.2,Parallel,1,720,0.783333333,25,Underpass,0,4,0.292253663,9.999831289,6.551080335,70
Full Cloverleaf,Free-Flow Loop,548,15.9,7.6,6.2,Parallel,1,720,0.761111111,25,Underpass,0,5,0.289916289,9.747447589,8.362408978,70
Full Cloverleaf,Free-Flow Loop,628,16,7.6,3.7,Parallel,1,540,1.162962963,25,Overpass,1,1,0.291251132,10.36228013,8.503702601,70
Full Cloverleaf,Parclo Loop,415,15.96666667,6.3,3.4,Parallel,1,540,0.768518519,25,Overpass,1,7,0.291544889,10.44169729,7.531016332,70
Full Cloverleaf,Free-Flow Loop,399,15,8.4,4.3,Tapered,0,690,0.57826087,30,Underpass,0,4,0.288951847,9.642009146,9.189116736,70
Partial Cloverleaf,Parclo Loop,655,15.13333333,7.4,5.8,Tapered,0,517.5,1.265700483,30,Overpass,1,4,0.289849923,9.79645898,7.592870288,70
Partial Cloverleaf,Parclo Loop,564,14.76666667,7.6,6,Tapered,0,517.5,1.089855072,30,Overpass,1,0,0.299230327,9.851141072,6.823286122,70
Partial Cloverleaf,Parclo Loop,925,16.26666667,8.8,3.7,Parallel,1,720,1.284722222,25,Underpass,0,4,0.298040453,9.708688474,7.688913337,70
Partial Cloverleaf,Free-Flow Loop,762,11.7,8.2,5,Parallel,1,540,1.411111111,25,Overpass,1,13,0.296341977,9.803667217,9.16136019,70
Partial Cloverleaf,Parclo Loop,701,16.1,7.7,5,Parallel,1,540,1.298148148,25,Overpass,1,10,0.299731705,10.22629543,8.300528606,70
Partial Cloverleaf,Parclo Loop,200,15.6,6.6,4.1,Tapered,0,540,0.37037037,25,Overpass,1,3,0.298335359,9.573593631,7.284820913,70
Partial Cloverleaf,Parclo Loop,250,15.6,7.1,3.2,Tapered,0,517.5,0.483091787,30,Overpass,1,4,0.295683975,9.68595324,6.618738984,70
Partial Cloverleaf,Parclo Loop,300,15.73333333,7,4.6,Tapered,0,517.5,0.579710145,30,Overpass,1,1,0.294910465,9.711721537,7.63385356,70
Partial Cloverleaf,Parclo Loop,2475,15.1,7.3,5.1,Parallel,1,588,4.209183673,40,Underpass,0,1,0.296371438,10.16199825,7.280697195,70
Partial Cloverleaf,Parclo Loop,1031,15.3,7.5,5.1,Parallel,1,540,1.909259259,25,Overpass,1,22,0.294827377,10.80972795,8.221478947,70
Partial Cloverleaf,Free-Flow Loop,891,16.5,6.5,4.4,Tapered,0,517.5,1.72173913,30,Overpass,1,7,0.189345465,10.84933709,9.463353357,70
Partial Cloverleaf,Parclo Loop,808,15.36666667,8.6,4.6,Parallel,1,720,1.122222222,25,Underpass,0,3,0.290618395,9.30063801,7.754910272,70
Partial Cloverleaf,Parclo Loop,1105,16.2,9.7,3.7,Parallel,1,540,2.046296296,25,Overpass,1,7,0.293714764,10.20025324,8.351846739,70
Partial Cloverleaf,Parclo Loop,358,15.2,6.7,2.5,Tapered,0,690,0.51884058,30,Underpass,0,2,0.295615277,9.682217246,6.230481448,70
Partial Cloverleaf,Free-Flow Loop,982,17,6.5,3.3,Parallel,1,540,1.818518519,25,Overpass,1,9,0.292601115,9.698306702,8.467792841,70
Partial Cloverleaf,Parclo Loop,663,15.9,8.2,4.4,Parallel,1,540,1.227777778,25,Overpass,1,7,0.29345418,10.11415358,7.563719668,70
Partial Cloverleaf,Free-Flow Loop,1060,14.7,8.6,4.1,Parallel,1,540,1.962962963,25,Overpass,1,7,0.290476001,9.748586591,8.539150359,70
Partial Cloverleaf,Free-Flow Loop,1075,14.2,10,3.1,Parallel,1,540,1.990740741,25,Overpass,1,1,0.295443318,9.792555992,6.942156706,70
Partial Cloverleaf,Free-Flow Loop,855,16.3,7.4,5,Parallel,1,540,1.583333333,25,Overpass,1,5,0.297066347,9.839482223,6.508769137,70
Partial Cloverleaf,Free-Flow Loop,1043,15,7.3,4.2,Tapered,0,540,1.931481481,25,Overpass,1,5,0.292947711,10.13181763,8.626764828,70
Partial Cloverleaf,Parclo Loop,382,15.7,10.2,3.2,Parallel,1,720,0.530555556,25,Underpass,0,11,0.295130713,10.33689203,8.070280893,70
Partial Cloverleaf,Parclo Loop,302,15.7,7.3,3.8,Parallel,1,540,0.559259259,25,Overpass,1,4,0.295474995,9.176783588,7.741533589,70
Partial Cloverleaf,Free-Flow Loop,521,16.5,7,3.6,Tapered,0,720,0.723611111,25,Underpass,0,2,0.292579146,9.066470002,7.900636613,70
Partial Cloverleaf,Parclo Loop,456,15.4,8.3,3.6,Parallel,1,720,0.633333333,25,Underpass,0,4,0.293944365,9.037176753,7.503289631,70
Partial Cloverleaf,Parclo Loop,927,15.6,6.5,3.1,Parallel,1,720,1.2875,25,Underpass,0,9,0.291767218,10.89005034,8.239593454,70
Partial Cloverleaf,Parclo Loop,895,15.4,7.1,3.5,Parallel,1,517.5,1.729468599,30,Overpass,1,7,0.299268477,10.02304679,7.472500745,70
Partial Cloverleaf,Parclo Loop,890,15.16666667,7.1,4.4,Parallel,1,540,1.648148148,25,Overpass,1,8,0.291225241,10.80263213,8.127699853,70
Partial Cloverleaf,Parclo Loop,747,14.6,7.5,4,Parallel,1,540,1.383333333,25,Overpass,1,42,0.291602156,10.45593485,8.612139669,70
Partial Cloverleaf,Free-Flow Loop,229,15.5,7.9,2.2,Tapered,0,720,0.318055556,25,Underpass,0,30,0.169973821,10.37816773,7.760467029,70
Partial Cloverleaf,Parclo Loop,838,14.8,7.3,3.5,Parallel,1,540,1.551851852,25,Overpass,1,6,0.300151442,10.11940506,7.336936914,70
Partial Cloverleaf,Parclo Loop,1151,15.6,9.4,5.3,Parallel,1,690,1.668115942,30,Underpass,0,4,0.296715199,10.19204424,8.367996885,70
Partial Cloverleaf,Free-Flow Loop,3316,14.86666667,6.6,4.9,Parallel,1,540,6.140740741,25,Overpass,1,7,0.291,10.6724377,7.300472814,70
Partial Cloverleaf,Free-Flow Loop,2989,14.6,6.9,4.8,Parallel,1,540,5.535185185,25,Overpass,1,3,0.203734382,10.48960616,9.021356672,70
Partial Cloverleaf,Free-Flow Loop,1750,13.2,7.2,2.4,Parallel,1,720,2.430555556,25,Underpass,0,36,0.229978597,10.85321306,8.768418727,70
Partial Cloverleaf,Free-Flow Loop,1685,14.5,9.6,8.1,Parallel,1,720,2.340277778,25,Underpass,0,17,0.294091601,10.81877778,7.853993087,70
Partial Cloverleaf,Parclo Loop,643,13.4,5.4,2.4,Tapered,0,432,1.488425926,20,Overpass,1,11,0.292130334,10.65960953,8.385032288,55
Partial Cloverleaf,Free-Flow Loop,852,15.2,7.7,3.8,Parallel,1,517.5,1.646376812,30,Overpass,1,26,0.292330695,10.51596683,8.780941114,70
Partial Cloverleaf,Parclo Loop,764,15.9,7.3,6.5,Parallel,1,481.5,1.586708204,35,Overpass,1,4,0.294543864,10.16277015,7.943427768,70
Partial Cloverleaf,Parclo Loop,795,16.6,7.6,5.2,Parallel,1,481.5,1.651090343,35,Overpass,1,7,0.29540519,10.09493402,8.456806041,70
Partial Cloverleaf,Parclo Loop,1168,17.2,7.2,4.6,Parallel,1,517.5,2.257004831,30,Overpass,1,3,0.291825572,10.11658077,7.526717561,70
Partial Cloverleaf,Free-Flow Loop,751,14.3,8.3,5.2,Parallel,1,720,1.043055556,25,Underpass,0,8,0.297046534,10.28363485,8.858084222,70
Partial Cloverleaf,Free-Flow Loop,791,14.3,7.7,5.3,Parallel,1,720,1.098611111,25,Underpass,0,3,0.291666949,10.42525312,8.181720455,70
Partial Cloverleaf,Parclo Loop,191,16.5,7.7,4.3,Tapered,0,690,0.276811594,30,Underpass,0,2,0.292920989,9.064157862,7.304515946,70
Partial Cloverleaf,Parclo Loop,281,14.5,8.1,4.1,Tapered,0,690,0.407246377,30,Underpass,0,8,0.185184393,10.07323033,7.129297549,70
Partial Cloverleaf,Parclo Loop,843,15.6,7.1,3.8,Parallel,1,540,1.561111111,25,Overpass,1,11,0.293049867,10.37349118,7.082548569,70
Partial Cloverleaf,Parclo Loop,529,15,8,4.6,Parallel,1,540,0.97962963,25,Overpass,1,7,0.292563584,10.59011352,8.486940148,70
Partial Cloverleaf,Free-Flow Loop,953,16.2,6.8,4.3,Tapered,0,690,1.38115942,30,Underpass,0,26,0.284147553,10.75577295,8.175266104,70
Partial Cloverleaf,Parclo Loop,942,15,7.6,3.5,Parallel,1,540,1.744444444,25,Underpass,0,5,0.293996078,10.47418457,7.070724107,70
Partial Cloverleaf,Parclo Loop,871,14.2,8.3,5.2,Parallel,1,540,1.612962963,25,Overpass,1,5,0.293867956,10.2972174,8.234299636,70
Partial Cloverleaf,Parclo Loop,945,15.4,7.9,4.6,Parallel,1,540,1.75,25,Overpass,1,7,0.290944549,10.01592298,8.399984991,70
Partial Cloverleaf,Parclo Loop,1037,15,7.5,3.5,Parallel,1,517.5,2.003864734,30,Overpass,1,12,0.297167553,11.47314459,8.007367068,70
Partial Cloverleaf,Free-Flow Loop,779,15.3,7.7,4.5,Parallel,1,720,1.081944444,25,Underpass,0,11,0.292359833,10.71107887,8.086102536,70
Partial Cloverleaf,Parclo Loop,137,11.7,3.4,2.6,Tapered,0,720,0.190277778,25,Underpass,0,5,0.295628258,10.45708527,8.261268151,70
Partial Cloverleaf,Free-Flow Loop,2226,15.4,7.8,4.1,Parallel,1,540,4.122222222,25,Overpass,1,1,0.168416675,10.82077778,8.673512946,70
Partial Cloverleaf,Parclo Loop,1142,16,6.6,5.6,Parallel,1,762,1.498687664,15,Underpass,0,22,0.29628746,10.86283777,7.768533301,70
Partial Cloverleaf,Parclo Loop,1032,15.2,8.1,4.3,Parallel,1,744,1.387096774,20,Underpass,0,37,0.295621298,10.80972795,8.253488028,70
Partial Cloverleaf,Parclo Loop,345,15.1,2.4,2,Parallel,1,720,0.479166667,25,Underpass,0,9,0.296531943,10.86952038,8.285008895,70
Partial Cloverleaf,Parclo Loop,448,15.3,3.1,2.4,Parallel,1,720,0.622222222,25,Underpass,0,4,0.295530583,10.86283777,8.192293731,70
Partial Cloverleaf,Parclo Loop,720,15.3,2.9,2.7,Tapered,0,432,1.666666667,20,Overpass,1,8,0.130043633,10.65960953,8.102586425,55
Partial Cloverleaf,Parclo Loop,686,15.2,2.9,2.5,Tapered,0,432,1.587962963,20,Overpass,1,9,0.25007173,10.65960953,8.701013624,55
Partial Cloverleaf,Parclo Loop,1956,15.03333333,8,4.7,Parallel,1,720,2.716666667,25,Underpass,0,1,0.297556624,10.23995979,6.475432717,70
Partial Cloverleaf,Parclo Loop,976,15.5,7,4.2,Parallel,1,720,1.355555556,25,Underpass,0,15,0.290684012,10.37349118,7.333023014,70
Partial Cloverleaf,Parclo Loop,251,15.6,2.6,2.4,Tapered,0,517.5,0.485024155,30,Overpass,1,3,0.286173315,10.59287768,9.191361405,70
Partial Cloverleaf,Free-Flow Loop,487,16.1,7.3,4.1,Parallel,1,414,1.176328502,25,Overpass,1,1,0.294994883,8.185907481,8.049427057,55
Partial Cloverleaf,Free-Flow Loop,487,16.1,7.3,4.1,Parallel,1,414,1.176328502,25,Overpass,1,1,0.137206655,8.185907481,8.049427057,55
Partial Cloverleaf,Parclo Loop,777,16.5,6.6,4.8,Parallel,1,517.5,1.501449275,30,Overpass,1,2,0.292943101,8.951569643,6.385194399,70
Partial Cloverleaf,Parclo Loop,323,16.73333333,6.7,5.1,Tapered,0,540,0.598148148,25,Overpass,1,2,0.296317454,9.847446162,8.161089513,70
Partial Cloverleaf,Parclo Loop,600,16.53333333,7.3,3.6,Parallel,1,540,1.111111111,25,Overpass,1,3,0.287091433,9.845328638,6.959398512,70
Partial Cloverleaf,Parclo Loop,255,16.23333333,6,5.4,Tapered,0,540,0.472222222,25,Overpass,1,3,0.295463148,9.845328638,7.184629153,70
Partial Cloverleaf,Parclo Loop,929,16,6.1,6.5,Parallel,1,720,1.290277778,25,Underpass,0,2,0.294296227,10.2646524,7.443078374,70
Partial Cloverleaf,Parclo Loop,912,16.26666667,8.5,5.7,Parallel,1,720,1.266666667,25,Underpass,0,6,0.289700573,10.19241884,8.582044164,70
Partial Cloverleaf,Parclo Loop,1033,15.96666667,6.9,5,Parallel,1,720,1.434722222,25,Underpass,0,1,0.291000617,9.959395184,7.588829878,70
Partial Cloverleaf,Parclo Loop,1009,15.93333333,8,6,Parallel,1,720,1.401388889,25,Underpass,0,4,0.293726729,9.952277717,7.63385356,70
Partial Cloverleaf,Free-Flow Loop,930,16.2,8.5,6.8,Parallel,1,540,1.722222222,25,Overpass,1,2,0.293799262,8.770283819,6.797940413,70
Partial Cloverleaf,Parclo Loop,296,16.5,8.5,4.2,Parallel,1,720,0.411111111,25,Underpass,0,0,0.291413098,8.569785642,7.778630147,70
Partial Cloverleaf,Parclo Loop,1179,15.16666667,7.2,3.6,Parallel,1,517.5,2.27826087,30,Overpass,1,2,0.291405484,9.364776725,7.262628601,70
Partial Cloverleaf,Parclo Loop,736,16.6,8.4,4.1,Parallel,1,540,1.362962963,25,Overpass,1,13,0.292081687,9.803667217,7.761319181,70
Partial Cloverleaf,Parclo Loop,2654,15.5,7.3,4.2,Parallel,1,690,3.846376812,30,Underpass,0,9,0.181088994,10.11253218,7.301147806,70
Partial Cloverleaf,Parclo Loop,1392,14.46666667,8.3,4.5,Parallel,1,540,2.577777778,25,Overpass,1,11,0.290339967,10.41780707,7.905810313,70
Partial Cloverleaf,Free-Flow Loop,501,14.5,9.8,7.7,Parallel,1,690,0.726086957,30,Underpass,0,12,0.290392018,10.86761561,7.396335294,70
Partial Cloverleaf,Parclo Loop,535,16.3,7.1,4.3,Parallel,1,517.5,1.033816425,30,Overpass,1,4,0.293749404,10.19428975,8.292798858,70
Partial Cloverleaf,Parclo Loop,1033,15.06666667,7,5,Parallel,1,540,1.912962963,25,Overpass,1,6,0.291137201,10.32875529,6.622736324,70
Partial Cloverleaf,Parclo Loop,996,14.86666667,7.5,4.5,Parallel,1,720,1.383333333,25,Underpass,0,3,0.29062951,10.44726428,6.744059186,70
Partial Cloverleaf,Free-Flow Loop,974,14.8,7.8,5,Parallel,1,517.5,1.882125604,30,Overpass,1,8,0.291206943,9.701983176,7.999007213,70
Partial Cloverleaf,Free-Flow Loop,941,15.76666667,8,5,Parallel,1,517.5,1.818357488,30,Overpass,1,3,0.290625454,9.934016758,4.905274778,70
Partial Cloverleaf,Parclo Loop,1093,14.66666667,7.6,3.2,Parallel,1,720,1.518055556,25,Underpass,0,1,0.291282371,9.97720259,7.854769183,70
Partial Cloverleaf,Parclo Loop,1085,14.8,7.8,6.4,Parallel,1,720,1.506944444,25,Underpass,0,3,0.292031228,9.97720259,7.008505182,70
Partial Cloverleaf,Parclo Loop,1658,15.13333333,8.1,4.1,Parallel,1,720,2.302777778,25,Underpass,0,4,0.291863764,9.543951376,7.122059882,70
Partial Cloverleaf,Parclo Loop,912,14.56666667,7.5,4.8,Parallel,1,558,1.634408602,20,Overpass,1,1,0.291072534,10.24352486,8.25244609,70
Partial Cloverleaf,Parclo Loop,971,15.53333333,7.1,4.3,Parallel,1,540,1.798148148,25,Overpass,1,1,0.290634203,10.14956608,7.038783541,70
Partial Cloverleaf,Parclo Loop,615,16.23333333,7.6,6.1,Parallel,1,540,1.138888889,25,Overpass,1,3,0.292111256,9.827146319,6.948897222,70
Partial Cloverleaf,Parclo Loop,911,14.76666667,7.4,4.9,Parallel,1,540,1.687037037,25,Overpass,1,9,0.290259338,10.39513036,8.496990484,70
Partial Cloverleaf,Parclo Loop,938,15.4,6.9,4.9,Tapered,0,517.5,1.812560386,30,Overpass,1,1,0.296226308,9.893437217,6.971668605,70
Partial Cloverleaf,Parclo Loop,311,16,6.6,5,Tapered,0,517.5,0.600966184,30,Overpass,1,3,0.291220852,9.31379908,6.950814768,70
Partial Cloverleaf,Parclo Loop,964,15.93333333,6.2,5.4,Parallel,1,540,1.785185185,25,Overpass,1,1,0.292344169,9.314249835,6.561030666,70
Partial Cloverleaf,Free-Flow Loop,594,15.06666667,7.8,5.5,Tapered,0,720,0.825,25,Underpass,0,19,0.291445619,10.23135141,8.095293777,70
Partial Cloverleaf,Parclo Loop,294,15,8.9,5.9,Tapered,0,720,0.408333333,25,Underpass,0,8,0.28923651,9.934501606,8.479698987,70
Partial Cloverleaf,Parclo Loop,948,16.16666667,7.4,5.9,Parallel,1,540,1.755555556,25,Overpass,1,5,0.2901026,9.838949031,8.140607043,70
Partial Cloverleaf,Parclo Loop,1003,15.26666667,7.8,3.5,Parallel,1,744,1.34811828,20,Underpass,0,1,0.22389907,9.558882333,6.905753276,70
Partial Cloverleaf,Parclo Loop,922,16.5,6.7,3.7,Parallel,1,540,1.707407407,25,Overpass,1,0,0.291155029,8.30647216,7.40671073,70
Partial Cloverleaf,Parclo Loop,1165,16.03333333,6.9,4.2,Parallel,1,720,1.618055556,25,Underpass,0,3,0.294840118,8.359369106,6.786716951,70
Partial Cloverleaf,Parclo Loop,208,16,7.5,4.8,Tapered,0,720,0.288888889,25,Underpass,0,8,0.290434473,9.038721338,7.141245122,70
Partial Cloverleaf,Free-Flow Loop,695,14.7,7.5,4.9,Parallel,1,720,0.965277778,25,Underpass,0,1,0.287276564,8.770283819,6.742880636,70
Partial Cloverleaf,Parclo Loop,354,16.13333333,6.8,4.5,Parallel,1,690,0.513043478,30,Underpass,0,2,0.29104519,8.048788284,7.54802897,70
Partial Cloverleaf,Parclo Loop,279,16.16666667,6.6,4.2,Parallel,1,690,0.404347826,30,Underpass,0,3,0.287646312,8.649974303,5.513428746,70
Partial Cloverleaf,Free-Flow Loop,541,15.7,7.1,3.9,Parallel,1,540,1.001851852,25,Overpass,1,4,0.290483279,7.843848638,6.363028104,70
Partial Cloverleaf,Free-Flow Loop,441,15.6,6.7,4,Parallel,1,720,0.6125,25,Underpass,0,0,0.290743935,9.337853692,6.541029999,70
Partial Cloverleaf,Parclo Loop,916,15.1,7.4,5,Parallel,1,540,1.696296296,25,Overpass,1,2,0.293327646,9.395989719,6.903747258,70
Partial Cloverleaf,Parclo Loop,933,14.73333333,8.7,3.6,Parallel,1,540,1.727777778,25,Overpass,1,1,0.293155457,9.255313738,7.154615357,70
Partial Cloverleaf,Parclo Loop,109,14.56666667,7.8,4.3,Tapered,0,540,0.201851852,25,Overpass,1,1,0.294742465,9.36048303,6.456769656,70
Partial Cloverleaf,Parclo Loop,1075,15.46666667,6.7,4.7,Parallel,1,540,1.990740741,25,Overpass,1,0,0.290128895,9.512664721,6.338594078,70
Partial Cloverleaf,Parclo Loop,1081,15.43333333,7.2,5,Parallel,1,540,2.001851852,25,Overpass,1,0,0.291580649,9.408371222,6.345636361,70
Partial Cloverleaf,Free-Flow Loop,561,15.73333333,8,5.5,Parallel,1,540,1.038888889,25,Overpass,1,1,0.290996912,9.36048303,6.711740395,70
Partial Cloverleaf,Parclo Loop,536,15.36666667,7.2,4.4,Parallel,1,540,0.992592593,25,Overpass,1,1,0.291252357,9.485696795,6.284134161,70
Partial Cloverleaf,Parclo Loop,886,16,4.7,2.6,Parallel,1,540,1.640740741,25,Overpass,1,10,0.29287435,10.29078869,7.556427969,70
Partial Cloverleaf,Parclo Loop,857,15.5,7,3.8,Parallel,1,540,1.587037037,25,Overpass,1,9,0.290832027,10.28909003,8.454892165,70
Partial Cloverleaf,Free-Flow Loop,364,14.7,7.7,5.1,Tapered,0,517.5,0.703381643,30,Overpass,1,3,0.291439814,10.32416963,8.38822281,70
Partial Cloverleaf,Parclo Loop,923,15.1,7.8,4.6,Parallel,1,540,1.709259259,25,Overpass,1,5,0.289920671,10.32416963,8.613593686,70
Partial Cloverleaf,Parclo Loop,1286,16.3,8.5,5.6,Parallel,1,540,2.381481481,25,Overpass,1,5,0.28982746,10.70996342,8.119100838,70
Partial Cloverleaf,Parclo Loop,229,14.73333333,8.5,4.9,Tapered,0,540,0.424074074,25,Overpass,1,6,0.290576989,9.966462352,5.451038454,70
Partial Cloverleaf,Parclo Loop,290,16.23333333,7.4,5,Tapered,0,540,0.537037037,25,Overpass,1,6,0.244860579,9.959395184,5.780743516,70
Full Cloverleaf,Free-Flow Loop,564,15.3,8.5,5.2,Parallel,1,720,0.783333333,25,Underpass,0,7,0.292253663,9.947025855,6.510258341,70
Full Cloverleaf,Free-Flow Loop,548,15.9,7.6,6.2,Parallel,1,720,0.761111111,25,Underpass,0,2,0.289916289,9.672185814,8.32215107,70
Full Cloverleaf,Free-Flow Loop,628,16,7.6,3.7,Parallel,1,540,1.162962963,25,Overpass,1,12,0.291251132,10.37349118,8.159088655,70
Full Cloverleaf,Parclo Loop,415,15.96666667,6.3,3.4,Parallel,1,540,0.768518519,25,Overpass,1,9,0.291544889,10.42821608,7.535296702,70
Full Cloverleaf,Free-Flow Loop,399,15,8.4,4.3,Tapered,0,690,0.57826087,30,Underpass,0,6,0.288951847,9.655026193,9.14889041,70
Partial Cloverleaf,Parclo Loop,655,15.13333333,7.4,5.8,Tapered,0,517.5,1.265700483,30,Overpass,1,1,0.289849923,9.689675329,7.592870288,70
Partial Cloverleaf,Parclo Loop,564,14.76666667,7.6,6,Tapered,0,517.5,1.089855072,30,Overpass,1,1,0.299230327,9.814656339,6.823286122,70
Partial Cloverleaf,Parclo Loop,925,16.26666667,8.8,3.7,Parallel,1,720,1.284722222,25,Underpass,0,4,0.298040453,9.664595644,7.688913337,70
Partial Cloverleaf,Free-Flow Loop,762,11.7,8.2,5,Parallel,1,540,1.411111111,25,Overpass,1,16,0.296341977,9.857443614,9.233568498,70
Partial Cloverleaf,Parclo Loop,701,16.1,7.7,5,Parallel,1,540,1.298148148,25,Overpass,1,9,0.299731705,10.23638197,8.300528606,70
Partial Cloverleaf,Parclo Loop,200,15.6,6.6,4.1,Tapered,0,540,0.37037037,25,Overpass,1,3,0.298335359,9.743905483,7.368970402,70
Partial Cloverleaf,Parclo Loop,250,15.6,7.1,3.2,Tapered,0,517.5,0.483091787,30,Overpass,1,5,0.295683975,9.701983176,6.703188113,70
Partial Cloverleaf,Parclo Loop,300,15.73333333,7,4.6,Tapered,0,517.5,0.579710145,30,Overpass,1,0,0.294910465,9.667765219,7.711101252,70
Partial Cloverleaf,Parclo Loop,2475,15.1,7.3,5.1,Parallel,1,588,4.209183673,40,Underpass,0,1,0.296371438,9.935470598,7.280697195,70
Partial Cloverleaf,Parclo Loop,1031,15.3,7.5,5.1,Parallel,1,540,1.909259259,25,Overpass,1,11,0.294827377,10.76320793,8.271804031,70
Partial Cloverleaf,Free-Flow Loop,891,16.5,6.5,4.4,Tapered,0,517.5,1.72173913,30,Overpass,1,3,0.189345465,10.90503813,9.513698924,70
Partial Cloverleaf,Parclo Loop,808,15.36666667,8.6,4.6,Parallel,1,720,1.122222222,25,Underpass,0,5,0.290618395,9.30063801,7.754910272,70
Partial Cloverleaf,Parclo Loop,1105,16.2,9.7,3.7,Parallel,1,540,2.046296296,25,Overpass,1,12,0.293714764,10.18678503,8.4147174,70
Partial Cloverleaf,Parclo Loop,358,15.2,6.7,2.5,Tapered,0,690,0.51884058,30,Underpass,0,0,0.295615277,9.645364282,6.317164687,70
Partial Cloverleaf,Free-Flow Loop,982,17,6.5,3.3,Parallel,1,540,1.818518519,25,Overpass,1,7,0.292601115,9.667765219,8.517992872,70
Partial Cloverleaf,Parclo Loop,663,15.9,8.2,4.4,Parallel,1,540,1.227777778,25,Overpass,1,2,0.29345418,10.0837236,7.614312146,70
Partial Cloverleaf,Free-Flow Loop,1060,14.7,8.6,4.1,Parallel,1,540,1.962962963,25,Overpass,1,2,0.290476001,9.71111566,8.539150359,70
Partial Cloverleaf,Free-Flow Loop,1075,14.2,10,3.1,Parallel,1,540,1.990740741,25,Overpass,1,1,0.295443318,9.755567422,6.942156706,70
Partial Cloverleaf,Free-Flow Loop,855,16.3,7.4,5,Parallel,1,540,1.583333333,25,Overpass,1,3,0.297066347,9.880730565,6.586171655,70
Partial Cloverleaf,Free-Flow Loop,1043,15,7.3,4.2,Tapered,0,540,1.931481481,25,Overpass,1,6,0.292947711,9.86526634,8.70383872,70
Partial Cloverleaf,Parclo Loop,382,15.7,10.2,3.2,Parallel,1,720,0.530555556,25,Underpass,0,16,0.295130713,10.3449631,8.132118773,70
Partial Cloverleaf,Parclo Loop,302,15.7,7.3,3.8,Parallel,1,540,0.559259259,25,Overpass,1,4,0.295474995,9.132378831,7.826443135,70
Partial Cloverleaf,Free-Flow Loop,521,16.5,7,3.6,Tapered,0,720,0.723611111,25,Underpass,0,0,0.292579146,9.024010794,7.98480339,70
Partial Cloverleaf,Parclo Loop,456,15.4,8.3,3.6,Parallel,1,720,0.633333333,25,Underpass,0,3,0.293944365,9.037176753,7.59739632,70
Partial Cloverleaf,Parclo Loop,927,15.6,6.5,3.1,Parallel,1,720,1.2875,25,Underpass,0,12,0.291767218,10.84642022,8.283494126,70
Partial Cloverleaf,Parclo Loop,895,15.4,7.1,3.5,Parallel,1,517.5,1.729468599,30,Overpass,1,9,0.299268477,9.987369037,7.534762657,70
Partial Cloverleaf,Parclo Loop,890,15.16666667,7.1,4.4,Parallel,1,540,1.648148148,25,Overpass,1,13,0.291225241,10.78725509,8.19007705,70
Partial Cloverleaf,Parclo Loop,747,14.6,7.5,4,Parallel,1,540,1.383333333,25,Overpass,1,20,0.291602156,10.3155972,8.57847642,70
Partial Cloverleaf,Free-Flow Loop,229,15.5,7.9,2.2,Tapered,0,720,0.318055556,25,Underpass,0,27,0.169973821,10.21829829,7.760467029,70
Partial Cloverleaf,Parclo Loop,838,14.8,7.3,3.5,Parallel,1,540,1.551851852,25,Overpass,1,2,0.300151442,10.0837236,7.41397029,70
Partial Cloverleaf,Parclo Loop,1151,15.6,9.4,5.3,Parallel,1,690,1.668115942,30,Underpass,0,8,0.296715199,10.16006588,8.367996885,70
Partial Cloverleaf,Free-Flow Loop,3316,14.86666667,6.6,4.9,Parallel,1,540,6.140740741,25,Overpass,1,10,0.291,10.62861778,7.374001859,70
Partial Cloverleaf,Free-Flow Loop,2989,14.6,6.9,4.8,Parallel,1,540,5.535185185,25,Overpass,1,2,0.203734382,10.45880842,9.09549053,70
Partial Cloverleaf,Free-Flow Loop,1750,13.2,7.2,2.4,Parallel,1,720,2.430555556,25,Underpass,0,34,0.229978597,10.8267539,8.768418727,70
Partial Cloverleaf,Free-Flow Loop,1685,14.5,9.6,8.1,Parallel,1,720,2.340277778,25,Underpass,0,7,0.294091601,10.66312447,7.853993087,70
Partial Cloverleaf,Parclo Loop,643,13.4,5.4,2.4,Tapered,0,432,1.488425926,20,Overpass,1,20,0.292130334,10.60782192,8.438799124,55
Partial Cloverleaf,Free-Flow Loop,852,15.2,7.7,3.8,Parallel,1,517.5,1.646376812,30,Overpass,1,19,0.292330695,10.7265659,8.81774213,70
Partial Cloverleaf,Parclo Loop,764,15.9,7.3,6.5,Parallel,1,481.5,1.586708204,35,Overpass,1,8,0.294543864,10.04975006,7.943427768,70
Partial Cloverleaf,Parclo Loop,795,16.6,7.6,5.2,Parallel,1,481.5,1.651090343,35,Overpass,1,3,0.29540519,10.25414442,8.44569719,70
Partial Cloverleaf,Parclo Loop,1168,17.2,7.2,4.6,Parallel,1,517.5,2.257004831,30,Overpass,1,5,0.291825572,10.07323033,7.526717561,70
Partial Cloverleaf,Free-Flow Loop,751,14.3,8.3,5.2,Parallel,1,720,1.043055556,25,Underpass,0,6,0.297046534,10.26290872,8.89439599,70
Partial Cloverleaf,Free-Flow Loop,791,14.3,7.7,5.3,Parallel,1,720,1.098611111,25,Underpass,0,11,0.291666949,10.408798,8.217978203,70
Partial Cloverleaf,Parclo Loop,191,16.5,7.7,4.3,Tapered,0,690,0.276811594,30,Underpass,0,5,0.292920989,8.867850063,7.304515946,70
Partial Cloverleaf,Parclo Loop,281,14.5,8.1,4.1,Tapered,0,690,0.407246377,30,Underpass,0,8,0.185184393,10.07111839,7.192182059,70
Partial Cloverleaf,Parclo Loop,843,15.6,7.1,3.8,Parallel,1,540,1.561111111,25,Overpass,1,5,0.293049867,10.24707726,7.118826249,70
Partial Cloverleaf,Parclo Loop,529,15,8,4.6,Parallel,1,540,0.97962963,25,Overpass,1,6,0.292563584,10.55581274,8.486940148,70
Partial Cloverleaf,Free-Flow Loop,953,16.2,6.8,4.3,Tapered,0,690,1.38115942,30,Underpass,0,13,0.284147553,10.79137881,8.211482916,70
Partial Cloverleaf,Parclo Loop,942,15,7.6,3.5,Parallel,1,540,1.744444444,25,Underpass,0,9,0.293996078,10.44290063,7.070724107,70
Partial Cloverleaf,Parclo Loop,871,14.2,8.3,5.2,Parallel,1,540,1.612962963,25,Overpass,1,4,0.293867956,10.26639305,8.234299636,70
Partial Cloverleaf,Parclo Loop,945,15.4,7.9,4.6,Parallel,1,540,1.75,25,Overpass,1,6,0.290944549,9.98506754,8.399984991,70
Partial Cloverleaf,Parclo Loop,1037,15,7.5,3.5,Parallel,1,517.5,2.003864734,30,Overpass,1,20,0.297167553,11.29973224,8.038834758,70
Partial Cloverleaf,Free-Flow Loop,779,15.3,7.7,4.5,Parallel,1,720,1.081944444,25,Underpass,0,5,0.292359833,10.76637751,8.158229917,70
Partial Cloverleaf,Parclo Loop,137,11.7,3.4,2.6,Tapered,0,720,0.190277778,25,Underpass,0,8,0.295628258,10.45880842,8.261268151,70
Partial Cloverleaf,Free-Flow Loop,2226,15.4,7.8,4.1,Parallel,1,540,4.122222222,25,Overpass,1,3,0.168416675,10.78725509,8.673512946,70
Partial Cloverleaf,Parclo Loop,1142,16,6.6,5.6,Parallel,1,762,1.498687664,15,Underpass,0,22,0.29628746,10.81877778,7.80016307,70
Partial Cloverleaf,Parclo Loop,1032,15.2,8.1,4.3,Parallel,1,744,1.387096774,20,Underpass,0,18,0.295621298,10.76320793,8.285008895,70
Partial Cloverleaf,Parclo Loop,345,15.1,2.4,2,Parallel,1,720,0.479166667,25,Underpass,0,10,0.296531943,10.82576036,8.316544718,70
Partial Cloverleaf,Parclo Loop,448,15.3,3.1,2.4,Parallel,1,720,0.622222222,25,Underpass,0,5,0.295530583,10.81877778,8.22389538,70
Partial Cloverleaf,Parclo Loop,720,15.3,2.9,2.7,Tapered,0,432,1.666666667,20,Overpass,1,7,0.130043633,10.60782192,8.153061947,55
Partial Cloverleaf,Parclo Loop,686,15.2,2.9,2.5,Tapered,0,432,1.587962963,20,Overpass,1,10,0.25007173,10.60782192,8.751316247,55
Partial Cloverleaf,Parclo Loop,1956,15.03333333,8,4.7,Parallel,1,720,2.716666667,25,Underpass,0,2,0.297556624,9.954655839,6.475432717,70
Partial Cloverleaf,Parclo Loop,976,15.5,7,4.2,Parallel,1,720,1.355555556,25,Underpass,0,11,0.290684012,10.31890299,7.386470849,70
Partial Cloverleaf,Parclo Loop,251,15.6,2.6,2.4,Tapered,0,517.5,0.485024155,30,Overpass,1,7,0.286173315,10.54928104,9.191361405,70
Partial Cloverleaf,Free-Flow Loop,487,16.1,7.3,4.1,Parallel,1,414,1.176328502,25,Overpass,1,2,0.294994883,7.989560449,8.049427057,55
Partial Cloverleaf,Free-Flow Loop,487,16.1,7.3,4.1,Parallel,1,414,1.176328502,25,Overpass,1,2,0.137206655,7.989560449,8.049427057,55
Partial Cloverleaf,Parclo Loop,777,16.5,6.6,4.8,Parallel,1,517.5,1.501449275,30,Overpass,1,2,0.292943101,8.9226583,6.385194399,70
Partial Cloverleaf,Parclo Loop,323,16.73333333,6.7,5.1,Tapered,0,540,0.598148148,25,Overpass,1,1,0.296317454,9.803667217,8.160803921,70
Partial Cloverleaf,Parclo Loop,600,16.53333333,7.3,3.6,Parallel,1,540,1.111111111,25,Overpass,1,5,0.287091433,9.800900964,6.959398512,70
Partial Cloverleaf,Parclo Loop,255,16.23333333,6,5.4,Tapered,0,540,0.472222222,25,Overpass,1,6,0.295463148,9.800900964,7.247080585,70
Partial Cloverleaf,Parclo Loop,929,16,6.1,6.5,Parallel,1,720,1.290277778,25,Underpass,0,2,0.294296227,10.32219789,7.515344571,70
Partial Cloverleaf,Parclo Loop,912,16.26666667,8.5,5.7,Parallel,1,720,1.266666667,25,Underpass,0,7,0.289700573,10.20173858,8.65434303,70
Partial Cloverleaf,Parclo Loop,1033,15.96666667,6.9,5,Parallel,1,720,1.434722222,25,Underpass,0,3,0.291000617,9.913437883,7.661527081,70
Partial Cloverleaf,Parclo Loop,1009,15.93333333,8,6,Parallel,1,720,1.401388889,25,Underpass,0,9,0.293726729,9.937888979,7.70616297,70
Partial Cloverleaf,Free-Flow Loop,930,16.2,8.5,6.8,Parallel,1,540,1.722222222,25,Overpass,1,0,0.293799262,8.71604405,6.797940413,70
Partial Cloverleaf,Parclo Loop,296,16.5,8.5,4.2,Parallel,1,720,0.411111111,25,Underpass,0,3,0.291413098,8.527143522,7.832014181,70
Partial Cloverleaf,Parclo Loop,1179,15.16666667,7.2,3.6,Parallel,1,517.5,2.27826087,30,Overpass,1,0,0.291405484,9.310185707,7.262628601,70
Partial Cloverleaf,Parclo Loop,736,16.6,8.4,4.1,Parallel,1,540,1.362962963,25,Overpass,1,3,0.292081687,9.857443614,7.833600224,70
Partial Cloverleaf,Parclo Loop,2654,15.5,7.3,4.2,Parallel,1,690,3.846376812,30,Underpass,0,8,0.181088994,10.1483926,7.110696123,70
Partial Cloverleaf,Parclo Loop,1392,14.46666667,8.3,4.5,Parallel,1,540,2.577777778,25,Overpass,1,5,0.290339967,10.453053,7.905810313,70
Partial Cloverleaf,Free-Flow Loop,501,14.5,9.8,7.7,Parallel,1,690,0.726086957,30,Underpass,0,16,0.290392018,10.71995795,7.427738841,70
Partial Cloverleaf,Parclo Loop,535,16.3,7.1,4.3,Parallel,1,517.5,1.033816425,30,Overpass,1,8,0.293749404,10.09410791,8.292798858,70
Partial Cloverleaf,Parclo Loop,1033,15.06666667,7,5,Parallel,1,540,1.912962963,25,Overpass,1,6,0.291137201,10.33364527,6.622736324,70
Partial Cloverleaf,Parclo Loop,996,14.86666667,7.5,4.5,Parallel,1,720,1.383333333,25,Underpass,0,8,0.29062951,10.40122794,6.744059186,70
Partial Cloverleaf,Free-Flow Loop,974,14.8,7.8,5,Parallel,1,517.5,1.882125604,30,Overpass,1,4,0.291206943,9.510444964,7.999007213,70
Partial Cloverleaf,Free-Flow Loop,941,15.76666667,8,5,Parallel,1,517.5,1.818357488,30,Overpass,1,3,0.290625454,9.903487553,5.010635294,70
Partial Cloverleaf,Parclo Loop,1093,14.66666667,7.6,3.2,Parallel,1,720,1.518055556,25,Underpass,0,2,0.291282371,9.940301526,7.723562472,70
Partial Cloverleaf,Parclo Loop,1085,14.8,7.8,6.4,Parallel,1,720,1.506944444,25,Underpass,0,8,0.292031228,9.940301526,7.008505182,70
Partial Cloverleaf,Parclo Loop,1658,15.13333333,8.1,4.1,Parallel,1,720,2.302777778,25,Underpass,0,2,0.291863764,9.510444964,7.122059882,70
Partial Cloverleaf,Parclo Loop,912,14.56666667,7.5,4.8,Parallel,1,558,1.634408602,20,Overpass,1,4,0.291072534,10.15424627,8.25244609,70
Partial Cloverleaf,Parclo Loop,971,15.53333333,7.1,4.3,Parallel,1,540,1.798148148,25,Overpass,1,0,0.290634203,9.935470598,7.038783541,70
Partial Cloverleaf,Parclo Loop,615,16.23333333,7.6,6.1,Parallel,1,540,1.138888889,25,Overpass,1,5,0.292111256,9.873028345,6.948897222,70
Partial Cloverleaf,Parclo Loop,911,14.76666667,7.4,4.9,Parallel,1,540,1.687037037,25,Overpass,1,7,0.290259338,10.19428975,8.571113033,70
Partial Cloverleaf,Parclo Loop,938,15.4,6.9,4.9,Tapered,0,517.5,1.812560386,30,Overpass,1,6,0.296226308,9.857443614,6.970730078,70
Partial Cloverleaf,Parclo Loop,311,16,6.6,5,Tapered,0,517.5,0.600966184,30,Overpass,1,3,0.291220852,9.179881164,6.950814768,70
Partial Cloverleaf,Parclo Loop,964,15.93333333,6.2,5.4,Parallel,1,540,1.785185185,25,Overpass,1,0,0.292344169,9.181426362,6.561030666,70
Partial Cloverleaf,Free-Flow Loop,594,15.06666667,7.8,5.5,Tapered,0,720,0.825,25,Underpass,0,12,0.291445619,10.18301144,8.095293777,70
Partial Cloverleaf,Parclo Loop,294,15,8.9,5.9,Tapered,0,720,0.408333333,25,Underpass,0,8,0.28923651,9.838949031,8.479698987,70
Partial Cloverleaf,Parclo Loop,948,16.16666667,7.4,5.9,Parallel,1,540,1.755555556,25,Overpass,1,7,0.2901026,9.803667217,8.140607043,70
Partial Cloverleaf,Parclo Loop,1003,15.26666667,7.8,3.5,Parallel,1,744,1.34811828,20,Underpass,0,2,0.22389907,9.405084449,6.967909202,70
Partial Cloverleaf,Parclo Loop,922,16.5,6.7,3.7,Parallel,1,540,1.707407407,25,Overpass,1,0,0.291155029,8.229511119,7.40671073,70
Partial Cloverleaf,Parclo Loop,1165,16.03333333,6.9,4.2,Parallel,1,720,1.618055556,25,Underpass,0,2,0.294840118,8.354674262,6.786716951,70
Partial Cloverleaf,Parclo Loop,208,16,7.5,4.8,Tapered,0,720,0.288888889,25,Underpass,0,6,0.290434473,8.858795106,7.141245122,70
Partial Cloverleaf,Free-Flow Loop,695,14.7,7.5,4.9,Parallel,1,720,0.965277778,25,Underpass,0,3,0.287276564,8.71604405,6.742880636,70
Partial Cloverleaf,Parclo Loop,354,16.13333333,6.8,4.5,Parallel,1,690,0.513043478,30,Underpass,0,0,0.29104519,7.989560449,7.54802897,70
Partial Cloverleaf,Parclo Loop,279,16.16666667,6.6,4.2,Parallel,1,690,0.404347826,30,Underpass,0,1,0.287646312,8.594154233,5.513428746,70
Partial Cloverleaf,Free-Flow Loop,541,15.7,7.1,3.9,Parallel,1,540,1.001851852,25,Overpass,1,1,0.290483279,7.783224016,6.572282543,70
Partial Cloverleaf,Free-Flow Loop,441,15.6,6.7,4,Parallel,1,720,0.6125,25,Underpass,0,6,0.290743935,9.20532783,6.822197391,70
Partial Cloverleaf,Parclo Loop,916,15.1,7.4,5,Parallel,1,540,1.696296296,25,Overpass,1,0,0.293327646,9.239899174,6.903747258,70
Partial Cloverleaf,Parclo Loop,933,14.73333333,8.7,3.6,Parallel,1,540,1.727777778,25,Overpass,1,0,0.293155457,9.179881164,7.154615357,70
Partial Cloverleaf,Parclo Loop,109,14.56666667,7.8,4.3,Tapered,0,540,0.201851852,25,Overpass,1,3,0.294742465,9.314700387,6.456769656,70
Partial Cloverleaf,Parclo Loop,1075,15.46666667,6.7,4.7,Parallel,1,540,1.990740741,25,Overpass,1,1,0.290128895,9.468851067,6.318968114,70
Partial Cloverleaf,Parclo Loop,1081,15.43333333,7.2,5,Parallel,1,540,2.001851852,25,Overpass,1,2,0.291580649,9.358760377,6.326149473,70
Partial Cloverleaf,Free-Flow Loop,561,15.73333333,8,5.5,Parallel,1,540,1.038888889,25,Overpass,1,2,0.290996912,9.314700387,6.796823718,70
Partial Cloverleaf,Parclo Loop,536,15.36666667,7.2,4.4,Parallel,1,540,0.992592593,25,Overpass,1,4,0.291252357,9.485696795,6.284134161,70
Partial Cloverleaf,Parclo Loop,886,16,4.7,2.6,Parallel,1,540,1.640740741,25,Overpass,1,4,0.29287435,10.25414442,7.618742378,70
Partial Cloverleaf,Parclo Loop,857,15.5,7,3.8,Parallel,1,540,1.587037037,25,Overpass,1,5,0.290832027,10.25238231,8.516993171,70
Partial Cloverleaf,Free-Flow Loop,364,14.7,7.7,5.1,Tapered,0,517.5,0.703381643,30,Overpass,1,3,0.291439814,10.24530263,8.450412158,70
Partial Cloverleaf,Parclo Loop,923,15.1,7.8,4.6,Parallel,1,540,1.709259259,25,Overpass,1,3,0.289920671,10.24530263,8.67573422,70
Partial Cloverleaf,Parclo Loop,1286,16.3,8.5,5.6,Parallel,1,540,2.381481481,25,Overpass,1,10,0.28982746,10.73856823,8.15536212,70
Partial Cloverleaf,Parclo Loop,229,14.73333333,8.5,4.9,Tapered,0,540,0.424074074,25,Overpass,1,2,0.290576989,9.928180165,5.521460918,70
Partial Cloverleaf,Parclo Loop,290,16.23333333,7.4,5,Tapered,0,540,0.537037037,25,Overpass,1,4,0.244860579,9.913437883,5.981414211,70
Full Cloverleaf,Free-Flow Loop,564,15.3,8.5,5.2,Parallel,1,720,0.783333333,25,Underpass,0,3,0.292253663,9.910959567,6.587550015,70
Full Cloverleaf,Free-Flow Loop,548,15.9,7.6,6.2,Parallel,1,720,0.761111111,25,Underpass,0,3,0.289916289,9.635608107,8.399310151,70
Full Cloverleaf,Free-Flow Loop,628,16,7.6,3.7,Parallel,1,540,1.162962963,25,Overpass,1,11,0.291251132,10.31890299,8.212568398,70
Full Cloverleaf,Parclo Loop,415,15.96666667,6.3,3.4,Parallel,1,540,0.768518519,25,Overpass,1,5,0.291544889,10.37661131,7.588829878,70
Full Cloverleaf,Free-Flow Loop,399,15,8.4,4.3,Tapered,0,690,0.57826087,30,Underpass,0,6,0.288951847,9.658226196,8.996775795,70
